step_percent,family,family_rmse_mean,family_rmse_median,family_rmse_p10,family_rmse_p90,family_rmse_std,family_rmse_min,family_rmse_max
1.0,Adaptive,4.602025545860698,4.482164944422049,3.7642850622188404,5.589010756413927,5.986259274616374,0.36910101883859775,8.8349500728828
1.0,Loop-based,0.05696700586969108,0.01562697030087715,0.005557199422697521,0.027306273896338242,0.0907134704202689,0.0045403232467635555,0.21826155695699098
1.0,Model-based,0.0028013414512020824,0.00265441651593555,0.00040817992906115,0.00405554508455974,0.0019559283117372484,0.00063762367719828,0.005405285805333464
1.0,Window-based,0.0005267539534923934,0.0005391988640564499,0.00029218882812938503,0.000746592185366375,0.0001022789894896277,0.00045443178645137,0.0005990761205334167
2.0,Adaptive,4.618514267688546,4.4775231976164305,3.770714798815914,5.6034596377712775,5.99590519059913,0.3787690480642827,8.858259487312809
2.0,Loop-based,0.05695762702848808,0.0156301081623097,0.005564145027228961,0.027307441566770483,0.09072383313794963,0.004567629265083224,0.2182703080272458
2.0,Model-based,0.0028052600694468363,0.00265414504489065,0.00041440866357814004,0.00405555153285651,0.001959940257185572,0.00063895759642655,0.005418787409373236
2.0,Window-based,0.0005782181710665534,0.0005985216656416001,0.00033834604950417,0.00079728408973409,6.108400574174615e-05,0.0005350252563845266,0.0006214110857485801
3.0,Adaptive,4.627701432312302,4.495230394107506,3.7906248821299684,5.664764887738421,5.973466710581231,0.40382261406821285,8.85158025055639
3.0,Loop-based,0.05695187855656951,0.01563532100680825,0.00557523338944555,0.0273094701085235,0.09073231317119833,0.004598426471636005,0.21827919970043702
3.0,Model-based,0.0028107605150759357,0.00265422145607765,0.00042348488355845005,0.00405558369546749,0.0019654631595549628,0.0006406844002919433,0.00543729664785756
3.0,Window-based,0.0006471220868954301,0.00065011247428035,0.00038897109012668,0.000883663490411615,1.1028242358343464e-05,0.0006393239419392766,0.0006549202318515834
5.0,Adaptive,4.697513754203575,4.621684385204341,3.859462486465132,5.646121183177717,5.901259877491238,0.5246928772854258,8.870334631121723
5.0,Loop-based,0.05695031297052111,0.01565152235224955,0.0056088312422213505,0.027315918158334913,0.09074415900442574,0.0046697219134526026,0.21829740745612244
5.0,Model-based,0.002825591320680531,0.00265541211629135,0.00043820989734721005,0.00405571655508327,0.0019798944297649743,0.0006452337474266499,0.005485717338648344
5.0,Window-based,0.0008118236756638651,0.000856866107593675,0.0004891734783937049,0.001118547501018845,9.575640030136909e-05,0.0007441136756687534,0.0008795336756589766
7.5,Adaptive,4.741713175100463,4.662513998572209,3.8352815848743864,5.648683028131637,5.868415078266896,0.5921170784405564,8.891309271760369
7.5,Loop-based,0.056964534818588576,0.0156815324821918,0.00566950203219484,0.027328009109042564,0.09075072756287399,0.004775068496881783,0.21832096845074966
7.5,Model-based,0.002849948388717247,0.00265884670236225,0.00044954947959034003,0.00405839154347502,0.002002740037949935,0.0006527545395100566,0.005562525647974347
7.5,Window-based,0.0010407124668694386,0.0011046263440852,0.0005504092306828699,0.0014692640274262601,0.0002276108911188358,0.0008797672622873968,0.0012016576714514802
10.0,Adaptive,4.759905315369007,4.680312234496319,3.8860627331723254,5.700479855529071,5.930969949117041,0.5660762453347142,8.9537343854033
10.0,Loop-based,0.05699361720361912,0.01572101160877845,0.00574720147011847,0.02734400519543408,0.09074985639998763,0.004895800884128792,0.2183454256603063
10.0,Model-based,0.0028796126302680332,0.0026644655809839497,0.00046494720372391003,0.00408306433699156,0.002029823534661106,0.0006620028904187301,0.0056534708138215334
10.0,Window-based,0.0012794260641600416,0.001340062920780175,0.0005982284690468299,0.0018250547803939153,0.0003538252889978244,0.00102923380295439,0.0015296183253656933
15.0,Adaptive,4.780321357542515,4.684020024644276,3.96899668016348,5.809360693475449,5.9484336047012425,0.5741436182203272,8.986499096864703
15.0,Loop-based,0.05708575218948173,0.0158232953886168,0.00631704133663554,0.027404543620958392,0.09073160908147014,0.005173365050004598,0.2183970423098112
15.0,Model-based,0.0029518165947451476,0.0026824450853523,0.0005063400230077501,0.004152946844158891,0.002094444461439737,0.0006844843450479366,0.005868649485905555
15.0,Window-based,0.0017626091029476535,0.001910401391065675,0.000695346930013135,0.00253561625448724,0.000590277984672443,0.00134521953720064,0.0021799986686946667
20.0,Adaptive,4.849074365456577,4.66861496950052,3.989346930434383,5.911976058471474,5.898691978991089,0.6780692669812814,9.020079463931872
20.0,Loop-based,0.05721029186129208,0.01594964889765435,0.00613074088609937,0.027807915252980552,0.0906983917211264,0.0054853477513472195,0.21845226260112352
20.0,Model-based,0.0030369062601214077,0.00270983575957745,0.0005604921421247501,0.00431243914345637,0.002171984982678582,0.0007064249529266167,0.006118930572841186
20.0,Window-based,0.0022395747470769136,0.002452982683517225,0.000805613262698415,0.0032492102793061552,0.0008092320517715744,0.00166736127571573,0.002811788218438097
25.0,Adaptive,4.893876856184023,4.766415069350925,4.0652863914382475,6.002002141466937,5.89849265779212,0.7230126990801525,9.064741013287893
25.0,Loop-based,0.05735648275960527,0.016093304491735252,0.00629021455634532,0.02826872995729283,0.09065603804208133,0.005819273040423214,0.2185110600329825
25.0,Model-based,0.0031318768027352854,0.0027471797596047,0.0006891346891449801,0.0045095071746859595,0.002260611701872645,0.0007261704154264465,0.006396667367359918
25.0,Window-based,0.0027046671052138134,0.0029713801913054,0.000890911454760095,0.003959452080371,0.0010137343451233106,0.0019878486754554164,0.00342148553497221
35.0,Adaptive,5.057239587719584,4.918936340312632,4.098377183330252,6.1873862005508435,5.84116667144443,0.9269110243003742,9.187568151138795
35.0,Loop-based,0.057687212223607454,0.017085440671105352,0.00787996226419505,0.029298165704891948,0.09055810787816725,0.0065204166556269965,0.21863914929815992
35.0,Model-based,0.0033441064144660525,0.00285350023239015,0.0008666007964034701,0.00496164512886387,0.0024641156618346004,0.0007594511597235233,0.007013607806727929
35.0,Window-based,0.003594688267897485,0.003952912155761625,0.00102779130913256,0.00531157112680488,0.0013860516033146388,0.0026146017801192173,0.004574774755675753
50.0,Adaptive,5.172463962284545,5.0984817137537,4.1898476531502205,6.293822971143919,5.839045621463558,1.0436352076900441,9.301292716879045
50.0,Loop-based,0.058224281008216305,0.01849401757725545,0.009365768512038141,0.030399470739084743,0.09040624400726016,0.0075883226778995895,0.21885611077568562
50.0,Model-based,0.003702059408489386,0.0030952845957609504,0.00104278287310648,0.00565860048338522,0.0028133100180810135,0.0008049641111219434,0.008041581796129096
50.0,Window-based,0.00483421736316218,0.005338792840625375,0.001275306795629485,0.007185149534762184,0.0018668157128700724,0.003514179313366153,0.006154255412958207
75.0,Adaptive,5.3882654680812125,5.292517174369689,4.416817145358213,6.542788948612483,5.865990447217354,1.2403838444783133,9.536147091684112
75.0,Loop-based,0.059122242346814256,0.0219970119630662,0.01061089317956013,0.03142882114250514,0.09018862540410537,0.009260794596146706,0.21927544810163596
75.0,Model-based,0.004357739958331557,0.00377412320707575,0.0015404661831491702,0.0057058254260777905,0.0034607573272637344,0.00087086519032204,0.00990035902640274
75.0,Window-based,0.006689766401903019,0.00744912138425145,0.001686208255434875,0.009995110704745475,0.0024976066030464442,0.004923691836152581,0.008455840967653458
100.0,Adaptive,5.561384407781344,5.483997003878856,4.529088014169555,6.660759756040173,5.876376493490875,1.4061587404287201,9.716610075133968
100.0,Loop-based,0.05996659155123888,0.024398780409651398,0.01233741973433872,0.03429931087830785,0.0900328152952383,0.008642673201116675,0.21975127661742627
100.0,Model-based,0.005045763970034998,0.00434713645159035,0.0016870666415379602,0.00612131028816558,0.004149353330707432,0.0009146345338532101,0.011837153508380945
100.0,Window-based,0.008345229132081074,0.009375605845150575,0.002076352502550405,0.01252192129209024,0.002954075030780693,0.006256382645682187,0.010434075618479961
150.0,Adaptive,5.836591651906609,5.809892351627671,4.724907376260342,6.676732451467622,5.896439962745428,1.667178969389963,10.006004334423254
150.0,Loop-based,0.06145520485310357,0.02826370696236205,0.012976876930827082,0.03957832989367301,0.08988050164866826,0.007848598757792424,0.22080452593188724
150.0,Model-based,0.006456211496224498,0.0057599350719499,0.00227947551957557,0.00771008231126756,0.005548682019660911,0.0010253105889347068,0.0157473244412257
150.0,Window-based,0.011249371572739007,0.012781957757329302,0.00280167444217652,0.016977394962377667,0.003459609071170471,0.008803058538259873,0.01369568460721814
200.0,Adaptive,5.9842159403075454,5.993745990244584,5.116180386254295,6.766165900021929,6.011391425552478,1.7335202989327214,10.23491158168237
200.0,Loop-based,0.0627098219940516,0.02977778681422235,0.013371066251534012,0.0435003329507063,0.08987152112436532,0.007377557020349466,0.2219074207029845
200.0,Model-based,0.007848965549270465,0.00646149175777815,0.00295370624945134,0.00935574613809974,0.006947269134135595,0.0011109772281162568,0.01958968663703056
200.0,Window-based,0.013805275906269517,0.015738480551379053,0.00347310479516726,0.0209180826764833,0.00354249202514086,0.011300355772993148,0.016310196039545883
250.0,Adaptive,6.134239695935739,6.157555821019308,5.356752523139808,6.894590439909075,6.0553232349400155,1.8524795742331928,10.415999817638285
250.0,Loop-based,0.06378064225228469,0.03008107025464995,0.014068210393448919,0.046168694338925086,0.08994353792016586,0.007076248680582879,0.2229948957513961
250.0,Model-based,0.009233194634112494,0.00705834406408005,0.0034806851695237703,0.01130560380848497,0.00829112460791604,0.0013258796441767734,0.023322355198913666
250.0,Window-based,0.016152674462704464,0.01840916293495505,0.004110457847558525,0.02454720770637893,0.0032909724905806734,0.013825605497916489,0.01847974342749244
300.0,Adaptive,6.20059914146608,6.172428926500879,5.575508363737614,6.908538254314477,6.091635747913761,1.8931621955978735,10.508036087334286
300.0,Loop-based,0.06470729083673171,0.03022986312653735,0.01535987292572956,0.04809768667492116,0.09005839963300856,0.006872426757063502,0.22403306763311973
300.0,Model-based,0.010572701720882796,0.00834004518350915,0.0039461494005519505,0.01360942912911924,0.009613732953977964,0.001513183499439033,0.02693978120542605
300.0,Window-based,0.018376972229266923,0.0209301114963392,0.00472875356175887,0.02798952144780363,0.002756097321743222,0.01642811712345221,0.020325827335081637
350.0,Adaptive,6.340060865523924,6.359981114918042,5.686713691976338,6.943039120272548,6.138340527413244,1.9995986533578105,10.680523077690037
350.0,Loop-based,0.06551894523445237,0.030615298838659252,0.01637952202505412,0.04965337875784438,0.09019371303413717,0.006728433297752711,0.22500670448258525
350.0,Model-based,0.011866644330538972,0.00962337363375715,0.004463720539036001,0.0149027168802554,0.010915656060347504,0.0016654083761201664,0.030446976219157727
350.0,Window-based,0.020535955267065042,0.023367539891215428,0.00533976843466504,0.031329850252439145,0.0019670745288606667,0.01914502352860833,0.021926887005521752
400.0,Adaptive,6.397995902227989,6.514442085048655,5.767934224098367,6.949720062849389,6.154205872857736,2.0463151967122086,10.749676607743769
400.0,Loop-based,0.06623726361829468,0.030944101156328098,0.01727849990061266,0.05093360506532935,0.0903364749342866,0.0066231071127003105,0.2259109436797713
400.0,Model-based,0.013131888556075841,0.0109187326019323,0.00474680647531029,0.01568452861075531,0.012180394602174124,0.0018549529697885299,0.03385178628136122
400.0,Window-based,0.02267232486113476,0.02577010753314595,0.00595337123387971,0.03463110299782697,0.0009390984402051179,0.022008281985864013,0.02333636773640551
500.0,Adaptive,6.522829574545326,6.553768405122896,6.058989817926548,6.997674789638158,6.161073023314808,2.166293060373921,10.879366088716731
500.0,Loop-based,0.0674557394898174,0.03141215048002036,0.01879662689393125,0.05281176640064028,0.09061770293962196,0.006482737099711287,0.22751649740687283
500.0,Model-based,0.015556235123101003,0.013529374944277101,0.00558412355636284,0.016984064406783968,0.014639087849306322,0.0021901323865471437,0.04038633532810711
500.0,Window-based,0.027009254336258483,0.0306196361969173,0.00722347868521983,0.04131119633680405,0.0018197250562702785,0.0257225144090747,0.02829599426344227
750.0,Adaptive,6.601218828973779,6.616404811392428,6.063158889412813,7.024801481133281,6.26078280542927,2.1741768517186046,11.028260806228953
750.0,Loop-based,0.06966433395569646,0.032043677569762,0.02150223303141427,0.05572064285108382,0.09119951174891461,0.006317868143740061,0.23055316441157683
750.0,Model-based,0.021158790271309142,0.0198315081255103,0.007178646739592271,0.02490133788079043,0.020374195157345235,0.003021442653101257,0.05542256434651463
750.0,Window-based,0.0395243215575486,0.04443663465320617,0.011077329431452015,0.06037477586349029,0.013346357208019442,0.030087021871620094,0.0489616212434771
1000.0,Adaptive,6.518032738630649,6.507124157535348,5.892603013305596,7.02377838805625,6.204279474495908,2.130944649838083,10.905120827423215
1000.0,Loop-based,0.0711750932073695,0.032360470881057354,0.023241464171475303,0.057833974919439986,0.09160144820720179,0.006250338519323261,0.23262549514732045
1000.0,Model-based,0.026273680252628197,0.02591636749885555,0.00910197471411331,0.03247757582798058,0.025631157301892655,0.0038482470520147236,0.0690547886540771
1000.0,Window-based,0.05781875847980897,0.0643196162021557,0.017297971240532416,0.08761862888766438,0.03488094740726391,0.03315420403392133,0.0824833129256966
