scenario,step_percent,estimator,family,n_mc_runs,m1_rmse_hz_mean,m1_rmse_hz_median,m1_rmse_hz_p10,m1_rmse_hz_p90,m1_rmse_hz_std
Sweep_AmplitudeStep_1pct,1.0,RLS,Adaptive,30,0.36910101883859775,0.27029905805417803,0.08152068092523237,0.7792812769231814,0.3007376175879857
Sweep_AmplitudeStep_1pct,1.0,TKEO,Adaptive,30,8.8349500728828,8.69403083078992,7.447049443512449,10.398740235904674,1.1910705547483846
Sweep_AmplitudeStep_1pct,1.0,PLL,Loop-based,30,0.21826155695699098,0.16567866262627645,0.1614793203762417,0.31484662980746453,0.13527460634148894
Sweep_AmplitudeStep_1pct,1.0,SOGI-FLL,Loop-based,30,0.0045403232467635555,0.00455345628412535,0.00387197875661021,0.00531367221015863,0.0005569093502856562
Sweep_AmplitudeStep_1pct,1.0,SOGI-PLL,Loop-based,30,0.0165392166767677,0.01562697030087715,0.0038193539206672904,0.027306273896338242,0.011001906119154085
Sweep_AmplitudeStep_1pct,1.0,Type-3 SOGI-PLL,Loop-based,30,0.032096223880664194,0.0245299229496296,0.005557199422697521,0.064129604818147,0.02764487406367966
Sweep_AmplitudeStep_1pct,1.0,ZCD,Loop-based,30,0.013397708587268967,0.012977615883020401,0.00694999425655206,0.01925571831273622,0.004703048968350175
Sweep_AmplitudeStep_1pct,1.0,EKF,Model-based,30,0.0027960505758083632,0.00265441651593555,0.00011289559506422115,0.00559107757249198,0.002060261615048161
Sweep_AmplitudeStep_1pct,1.0,LKF,Model-based,30,0.003952414593960987,0.003944607003747,0.0038527286153878498,0.00405554508455974,7.850677617976671e-05
Sweep_AmplitudeStep_1pct,1.0,LKF2,Model-based,30,0.005405285805333464,0.0035168055975813,0.0005253151494323601,0.012448080321454402,0.004434618506191436
Sweep_AmplitudeStep_1pct,1.0,RA-EKF,Model-based,30,0.00063762367719828,0.00043344708764565,0.00040590150797073,0.0011052626173238603,0.0003845451759763293
Sweep_AmplitudeStep_1pct,1.0,UKF,Model-based,30,0.0012153326037093167,0.0010827709525384,0.00040817992906115,0.00238291849814983,0.000728381935447176
Sweep_AmplitudeStep_1pct,1.0,IPDFT,Window-based,30,0.00045443178645137,0.0004577381125313,0.00030015365395912003,0.00063317560485028,0.00013520956441320282
Sweep_AmplitudeStep_1pct,1.0,TFT,Window-based,30,0.0005990761205334167,0.0006206596155816,0.00028422400229965,0.0008600087658824701,0.00022819232255603594
Sweep_AmplitudeStep_2pct,2.0,RLS,Adaptive,30,0.3787690480642827,0.2686442106203305,0.0860634826497153,0.7534093729252835,0.29227313013415807
Sweep_AmplitudeStep_2pct,2.0,TKEO,Adaptive,30,8.858259487312809,8.68640218461253,7.455366114982113,10.453509902617272,1.2181833121271588
Sweep_AmplitudeStep_2pct,2.0,PLL,Loop-based,30,0.2182703080272458,0.16568652118730337,0.16148935563810168,0.3148519802215444,0.13527244724759016
Sweep_AmplitudeStep_2pct,2.0,SOGI-FLL,Loop-based,30,0.004567629265083224,0.0045796609440972,0.00390124292932507,0.00533547210888333,0.0005535200401323312
Sweep_AmplitudeStep_2pct,2.0,SOGI-PLL,Loop-based,30,0.016552432462772878,0.0156301081623097,0.0038783860077739305,0.027307441566770483,0.01099384298852456
Sweep_AmplitudeStep_2pct,2.0,Type-3 SOGI-PLL,Loop-based,30,0.03210260019323575,0.02453075522506355,0.005564145027228961,0.0641301449961507,0.02764066704564665
Sweep_AmplitudeStep_2pct,2.0,ZCD,Loop-based,30,0.013295165194102714,0.0128745461637133,0.00689836298932548,0.01913256246709261,0.004670405692646268
Sweep_AmplitudeStep_2pct,2.0,EKF,Model-based,30,0.0027978464133217476,0.00265414504489065,0.00012539557680430158,0.00559234878891203,0.002058148811058496
Sweep_AmplitudeStep_2pct,2.0,LKF,Model-based,30,0.00395380244862288,0.00394610968619135,0.0038547837887787702,0.00405555153285651,7.799072982447043e-05
Sweep_AmplitudeStep_2pct,2.0,LKF2,Model-based,30,0.005418787409373236,0.00352031345267175,0.00057083571111281,0.012450998080840861,0.004422307110902058
Sweep_AmplitudeStep_2pct,2.0,RA-EKF,Model-based,30,0.00063895759642655,0.00043405879370255,0.0004065271348681,0.0011094702387053302,0.0003848698213601994
Sweep_AmplitudeStep_2pct,2.0,UKF,Model-based,30,0.0012169064794897665,0.00108312076379,0.00041440866357814004,0.0023829706616994703,0.0007274674108214361
Sweep_AmplitudeStep_2pct,2.0,IPDFT,Window-based,30,0.0005350252563845266,0.0005522591201243,0.00035899390914864,0.00071454453836997,0.00015000543334574079
Sweep_AmplitudeStep_2pct,2.0,TFT,Window-based,30,0.0006214110857485801,0.0006447842111589001,0.00031769818985970006,0.0008800236410982101,0.0002232075965305252
Sweep_AmplitudeStep_3pct,3.0,RLS,Adaptive,30,0.40382261406821285,0.2991949497186521,0.08645216328808619,0.9027677293006879,0.336019531888616
Sweep_AmplitudeStep_3pct,3.0,TKEO,Adaptive,30,8.85158025055639,8.69126583849636,7.49479760097185,10.426762046176155,1.2055309065053081
Sweep_AmplitudeStep_3pct,3.0,PLL,Loop-based,30,0.21827919970043702,0.1656942890242316,0.16149955522089496,0.3148575483413669,0.13527025328424425
Sweep_AmplitudeStep_3pct,3.0,SOGI-FLL,Loop-based,30,0.004598426471636005,0.00460872372119795,0.0039327168311423,0.00535917153441597,0.0005497958392146517
Sweep_AmplitudeStep_3pct,3.0,SOGI-PLL,Loop-based,30,0.016574100767250584,0.01563532100680825,0.00397575565358922,0.0273094701085235,0.010980707731288054
Sweep_AmplitudeStep_3pct,3.0,Type-3 SOGI-PLL,Loop-based,30,0.03211283162620621,0.024532040936025103,0.00557523338944555,0.06413095857935722,0.0276338989802506
Sweep_AmplitudeStep_3pct,3.0,ZCD,Loop-based,30,0.013194834217317757,0.01277371065067865,0.00684783648501169,0.01901228107959233,0.004638513151530536
Sweep_AmplitudeStep_3pct,3.0,EKF,Model-based,30,0.002800361192275877,0.00265422145607765,0.00014290365003529002,0.0055937514670040996,0.002055264970715071
Sweep_AmplitudeStep_3pct,3.0,LKF,Model-based,30,0.003956062383660943,0.0039483831020024,0.00385859679111588,0.00405558369546749,7.719473642482639e-05
Sweep_AmplitudeStep_3pct,3.0,LKF2,Model-based,30,0.00543729664785756,0.00352627236309995,0.0006370340492365601,0.01245531863234554,0.004406460076776494
Sweep_AmplitudeStep_3pct,3.0,RA-EKF,Model-based,30,0.0006406844002919433,0.0004358575245014,0.00040736534976512,0.0011139311756962202,0.00038503664529408255
Sweep_AmplitudeStep_3pct,3.0,UKF,Model-based,30,0.0012193979512933565,0.0010837458391319,0.00042348488355845005,0.00238333668615476,0.0007260607937988659
Sweep_AmplitudeStep_3pct,3.0,IPDFT,Window-based,30,0.0006393239419392766,0.0006170487332905,0.00041477023698573997,0.00085935828713324,0.0001915072676886167
Sweep_AmplitudeStep_3pct,3.0,TFT,Window-based,30,0.0006549202318515834,0.0006831762152702001,0.00036317194326762,0.00090796869368999,0.00021827345583123422
Sweep_AmplitudeStep_5pct,5.0,RLS,Adaptive,30,0.5246928772854258,0.5255580573149539,0.19309487438634043,0.8372114451046114,0.2566977939395177
Sweep_AmplitudeStep_5pct,5.0,TKEO,Adaptive,30,8.870334631121723,8.71781071309373,7.525830098543923,10.455030921250824,1.188220384122793
Sweep_AmplitudeStep_5pct,5.0,PLL,Loop-based,30,0.21829740745612244,0.16570955814839625,0.16152043674959984,0.31486933887544666,0.13526575964788384
Sweep_AmplitudeStep_5pct,5.0,SOGI-FLL,Loop-based,30,0.0046697219134526026,0.0046748075549806496,0.00401677448325864,0.00541193910364544,0.0005417855241928367
Sweep_AmplitudeStep_5pct,5.0,SOGI-PLL,Loop-based,30,0.016639917883379325,0.01565152235224955,0.00426627149845496,0.027315918158334913,0.010941853295836185
Sweep_AmplitudeStep_5pct,5.0,Type-3 SOGI-PLL,Loop-based,30,0.03214396983422267,0.0245358943565865,0.0056088312422213505,0.0641333652427738,0.027613390948545518
Sweep_AmplitudeStep_5pct,5.0,ZCD,Loop-based,30,0.013000547765428508,0.012578476317703601,0.00674996968742926,0.018779984717780043,0.004576890103700197
Sweep_AmplitudeStep_5pct,5.0,EKF,Model-based,30,0.00280691348335987,0.00265541211629135,0.00018687269439211004,0.00559695862885732,0.0020480572776804128
Sweep_AmplitudeStep_5pct,5.0,LKF,Model-based,30,0.0039630824012994795,0.00395514972336635,0.00386934935228808,0.00405571655508327,7.506724908124446e-05
Sweep_AmplitudeStep_5pct,5.0,LKF2,Model-based,30,0.005485717338648344,0.0035453866222247,0.00080894100441534,0.01246812388279265,0.004368326325435621
Sweep_AmplitudeStep_5pct,5.0,RA-EKF,Model-based,30,0.0006452337474266499,0.00044738444272355,0.00041083442605059,0.0011235888591071403,0.00038495766918220347
Sweep_AmplitudeStep_5pct,5.0,UKF,Model-based,30,0.00122700963266831,0.0010855990148042499,0.00043820989734721005,0.00238500166005515,0.0007219091314460189
Sweep_AmplitudeStep_5pct,5.0,IPDFT,Window-based,30,0.0008795336756589766,0.00093189186655965,0.0005192303169345,0.0012323862467659302,0.0003118146176555695
Sweep_AmplitudeStep_5pct,5.0,TFT,Window-based,30,0.0007441136756687534,0.0007818403486277,0.00045911663985291,0.00100470875527176,0.00022191107687877094
Sweep_AmplitudeStep_7p5pct,7.5,RLS,Adaptive,30,0.5921170784405564,0.6457349717080499,0.25665705410631406,0.8138653883738379,0.2538924403312581
Sweep_AmplitudeStep_7p5pct,7.5,TKEO,Adaptive,30,8.891309271760369,8.679293025436367,7.413906115642459,10.483500667889436,1.1910103679313384
Sweep_AmplitudeStep_7p5pct,7.5,PLL,Loop-based,30,0.21832096845074966,0.16572815918940395,0.16154741564480424,0.3148853058133746,0.13525994193193483
Sweep_AmplitudeStep_7p5pct,7.5,SOGI-FLL,Loop-based,30,0.004775068496881783,0.0047577213790167,0.00413957093270505,0.00548714562212564,0.0005321263051651345
Sweep_AmplitudeStep_7p5pct,7.5,SOGI-PLL,Loop-based,30,0.016757072122927815,0.0156815324821918,0.0047598431826908205,0.027328009109042564,0.010876442148697775
Sweep_AmplitudeStep_7p5pct,7.5,Type-3 SOGI-PLL,Loop-based,30,0.03220055444520487,0.0245429277211199,0.00566950203219484,0.0641377377505074,0.027576628608304003
Sweep_AmplitudeStep_7p5pct,7.5,ZCD,Loop-based,30,0.012769010577178748,0.012345859210038099,0.00663329994972447,0.01850425189414288,0.004503697157705146
Sweep_AmplitudeStep_7p5pct,7.5,EKF,Model-based,30,0.0028171545014658577,0.00265884670236225,0.00025024093019864,0.00560169568510333,0.0020374556351220817
Sweep_AmplitudeStep_7p5pct,7.5,LKF,Model-based,30,0.00397624506433411,0.00397570734100825,0.00387373115566268,0.00405839154347502,7.25930894737099e-05
Sweep_AmplitudeStep_7p5pct,7.5,LKF2,Model-based,30,0.005562525647974347,0.00358230349349155,0.0010628693030835898,0.012491819548439871,0.0043141172314590985
Sweep_AmplitudeStep_7p5pct,7.5,RA-EKF,Model-based,30,0.0006527545395100566,0.0004668261885354,0.00041427145858925003,0.0011369075288153103,0.0003842410318922593
Sweep_AmplitudeStep_7p5pct,7.5,UKF,Model-based,30,0.0012410621903018633,0.00108903047776405,0.00044954947959034003,0.0023888094270681903,0.0007146472152730142
Sweep_AmplitudeStep_7p5pct,7.5,IPDFT,Window-based,30,0.0012016576714514802,0.00130747038802675,0.00059034655696356,0.00173044198162133,0.00047830048294196867
Sweep_AmplitudeStep_7p5pct,7.5,TFT,Window-based,30,0.0008797672622873968,0.00090178230014365,0.00051047190440218,0.0012080860732311901,0.0002603056919958422
Sweep_AmplitudeStep_10pct,10.0,RLS,Adaptive,30,0.5660762453347142,0.5993139604786759,0.21080651492076805,0.8245534590112483,0.26836331364375243
Sweep_AmplitudeStep_10pct,10.0,TKEO,Adaptive,30,8.9537343854033,8.761310508513962,7.561318951423883,10.576406252046894,1.1839735534927898
Sweep_AmplitudeStep_10pct,10.0,PLL,Loop-based,30,0.2183454256603063,0.16574624118233694,0.16157533004368194,0.3149026390452713,0.13525389838509536
Sweep_AmplitudeStep_10pct,10.0,SOGI-FLL,Loop-based,30,0.004895800884128792,0.00484906625712585,0.0042604826553990695,0.005593806915244659,0.0005250448631637219
Sweep_AmplitudeStep_10pct,10.0,SOGI-PLL,Loop-based,30,0.016904059776759368,0.01572101160877845,0.005184990196183191,0.02734400519543408,0.010800306662280268
Sweep_AmplitudeStep_10pct,10.0,Type-3 SOGI-PLL,Loop-based,30,0.03227357658305016,0.0245521826012353,0.00574720147011847,0.06414350027704392,0.027530162017122103
Sweep_AmplitudeStep_10pct,10.0,ZCD,Loop-based,30,0.012549223113850951,0.0121250960593391,0.0065225160407346395,0.01824365723017213,0.004434481165298117
Sweep_AmplitudeStep_10pct,10.0,EKF,Model-based,30,0.0028291632055086175,0.0026644655809839497,0.00031797232377643,0.00560708276556664,0.0020258000582186754
Sweep_AmplitudeStep_10pct,10.0,LKF,Model-based,30,0.0039938617371636466,0.0040056157673004,0.00388171570015176,0.00408306433699156,7.262204266725669e-05
Sweep_AmplitudeStep_10pct,10.0,LKF2,Model-based,30,0.0056534708138215334,0.00363293275353625,0.0013362918273037102,0.012523883238974721,0.004256522612866891
Sweep_AmplitudeStep_10pct,10.0,RA-EKF,Model-based,30,0.0006620028904187301,0.0004911588977005,0.00041730691466468,0.0011514597110963802,0.0003830623370382941
Sweep_AmplitudeStep_10pct,10.0,UKF,Model-based,30,0.0012595645044276365,0.0010936761775895,0.00046494720372391003,0.00239450274574407,0.0007057359888279555
Sweep_AmplitudeStep_10pct,10.0,IPDFT,Window-based,30,0.0015296183253656933,0.00167754406899735,0.0006182133415106,0.0022302471941781804,0.0006444919132565322
Sweep_AmplitudeStep_10pct,10.0,TFT,Window-based,30,0.00102923380295439,0.001002581772563,0.00057824359658306,0.00141986236660965,0.00032522036247741135
Sweep_AmplitudeStep_15pct,15.0,RLS,Adaptive,30,0.5741436182203272,0.5881991966844189,0.1731777825458466,0.8673889323761605,0.28682430176405094
Sweep_AmplitudeStep_15pct,15.0,TKEO,Adaptive,30,8.986499096864703,8.779840852604133,7.764815577781113,10.751332454574738,1.1892824146973835
Sweep_AmplitudeStep_15pct,15.0,PLL,Loop-based,30,0.2183970423098112,0.1657809337986626,0.16163379865553792,0.31494139776812025,0.13524112525912796
Sweep_AmplitudeStep_15pct,15.0,SOGI-FLL,Loop-based,30,0.005173365050004598,0.0051166331438506005,0.00452163305288464,0.00581107689474501,0.0005270954732285021
Sweep_AmplitudeStep_15pct,15.0,SOGI-PLL,Loop-based,30,0.017259298681188216,0.0158232953886168,0.005424931788430041,0.027404543620958392,0.010638486782510137
Sweep_AmplitudeStep_15pct,15.0,Type-3 SOGI-PLL,Loop-based,30,0.03245733295913391,0.024576453511604597,0.00644668672724111,0.06415872341439723,0.027417604438675545
Sweep_AmplitudeStep_15pct,15.0,ZCD,Loop-based,30,0.012141721947270749,0.011715911444679549,0.00631704133663554,0.017763584632622082,0.004306889040398799
Sweep_AmplitudeStep_15pct,15.0,EKF,Model-based,30,0.002857660284516753,0.0026824450853523,0.00044075204600155,0.00562064509637797,0.0020005867875871482
Sweep_AmplitudeStep_15pct,15.0,LKF,Model-based,30,0.004040711604365946,0.0040376826900154,0.00389771777316949,0.004152946844158891,8.952374999265062e-05
Sweep_AmplitudeStep_15pct,15.0,LKF2,Model-based,30,0.005868649485905555,0.0037716496137591,0.0019440866355923299,0.012612318986668971,0.004138590281133249
Sweep_AmplitudeStep_15pct,15.0,RA-EKF,Model-based,30,0.0006844843450479366,0.0005392301934035,0.00042934767480145,0.0011836868243237902,0.00038017713537664565
Sweep_AmplitudeStep_15pct,15.0,UKF,Model-based,30,0.0013075772538895468,0.00110649029071065,0.0005063400230077501,0.0024113997297778,0.0006854481446022897
Sweep_AmplitudeStep_15pct,15.0,IPDFT,Window-based,30,0.0021799986686946667,0.0023815951962992002,0.00069319945065962,0.00320292700378749,0.0009653294947570354
Sweep_AmplitudeStep_15pct,15.0,TFT,Window-based,30,0.00134521953720064,0.00143920758583215,0.0006974944093666501,0.00186830550518699,0.00048570271768486663
Sweep_AmplitudeStep_20pct,20.0,RLS,Adaptive,30,0.6780692669812814,0.6258226036030667,0.1647435296177646,1.1049062625899013,0.3467447259738875
Sweep_AmplitudeStep_20pct,20.0,TKEO,Adaptive,30,9.020079463931872,8.711407335397972,7.813950331251002,10.719045854353046,1.146581142563657
Sweep_AmplitudeStep_20pct,20.0,PLL,Loop-based,30,0.21845226260112352,0.1658138051350389,0.16169551142458466,0.31498558083802397,0.13522743028093961
Sweep_AmplitudeStep_20pct,20.0,SOGI-FLL,Loop-based,30,0.0054853477513472195,0.00556193200768495,0.0048107910835644505,0.00630421711870034,0.0005589412436009057
Sweep_AmplitudeStep_20pct,20.0,SOGI-PLL,Loop-based,30,0.017664763589756986,0.01594964889765435,0.005693279657872361,0.027807915252980552,0.01048475431552672
Sweep_AmplitudeStep_20pct,20.0,Type-3 SOGI-PLL,Loop-based,30,0.03267671887712029,0.0246071301013508,0.007421303052898321,0.06417820722665815,0.027290204291016244
Sweep_AmplitudeStep_20pct,20.0,ZCD,Loop-based,30,0.01177236648711242,0.0113451689905456,0.00613074088609937,0.01733210873931724,0.004192164317231484
Sweep_AmplitudeStep_20pct,20.0,EKF,Model-based,30,0.002891676147080713,0.00270983575957745,0.00054980814761977,0.00562951622480974,0.001973777596061168
Sweep_AmplitudeStep_20pct,20.0,LKF,Model-based,30,0.00410034386937175,0.0040778827433493505,0.00392316288478669,0.00431243914345637,0.00013099291733124498
Sweep_AmplitudeStep_20pct,20.0,LKF2,Model-based,30,0.006118930572841186,0.0039619576169866,0.00247059943067827,0.01273176294536683,0.004022797058606595
Sweep_AmplitudeStep_20pct,20.0,RA-EKF,Model-based,30,0.0007064249529266167,0.0005753956919315,0.00044009651563187,0.0012108504515288502,0.0003777981588718213
Sweep_AmplitudeStep_20pct,20.0,UKF,Model-based,30,0.0013671557583867734,0.0011254220010973501,0.0005604921421247501,0.0024353875215962803,0.0006649801540786859
Sweep_AmplitudeStep_20pct,20.0,IPDFT,Window-based,30,0.002811788218438097,0.0030881352240634,0.00078395638048624,0.00413309090642379,0.0012701635721020655
Sweep_AmplitudeStep_20pct,20.0,TFT,Window-based,30,0.00166736127571573,0.00181783014297105,0.00082727014491059,0.00236532965218852,0.0006553591602604454
Sweep_AmplitudeStep_25pct,25.0,RLS,Adaptive,30,0.7230126990801525,0.7388801747913818,0.20723279813106607,1.275499449932045,0.376963545260282
Sweep_AmplitudeStep_25pct,25.0,TKEO,Adaptive,30,9.064741013287893,8.79394996391047,7.923339984745429,10.728504833001828,1.113550212186638
Sweep_AmplitudeStep_25pct,25.0,PLL,Loop-based,30,0.2185110600329825,0.1658450197618025,0.16176014355647617,0.31503512331702344,0.13521281373862867
Sweep_AmplitudeStep_25pct,25.0,SOGI-FLL,Loop-based,30,0.005819273040423214,0.0059154032411175,0.0050676606857412,0.00679321277360635,0.0006203601647490734
Sweep_AmplitudeStep_25pct,25.0,SOGI-PLL,Loop-based,30,0.01809632112868796,0.016093304491735252,0.00629021455634532,0.02826872995729283,0.010351033933050318
Sweep_AmplitudeStep_25pct,25.0,Type-3 SOGI-PLL,Loop-based,30,0.03291935707528496,0.024642945374950348,0.008295932711202311,0.06420128049010175,0.027156675432609433
Sweep_AmplitudeStep_25pct,25.0,ZCD,Loop-based,30,0.01143640252064766,0.0110080567346577,0.00596125658978344,0.016942853717673,0.004088675848616614
Sweep_AmplitudeStep_25pct,25.0,EKF,Model-based,30,0.0029310955122442634,0.0027471797596047,0.0006891346891449801,0.00563320629030552,0.0019459775093428843
Sweep_AmplitudeStep_25pct,25.0,LKF,Model-based,30,0.004169873109524286,0.00411183939026305,0.00395535709330858,0.0045095071746859595,0.00018879315347095885
Sweep_AmplitudeStep_25pct,25.0,LKF2,Model-based,30,0.006396667367359918,0.00419194795471985,0.00299335899785771,0.012880449633910801,0.003912719944696974
Sweep_AmplitudeStep_25pct,25.0,RA-EKF,Model-based,30,0.0007261704154264465,0.0006201824513853999,0.00045152631067254997,0.0012337394513310502,0.0003752712804584979
Sweep_AmplitudeStep_25pct,25.0,UKF,Model-based,30,0.0014355776091215134,0.0011985781778643002,0.00062280509992484,0.00246614153224878,0.0006468460896870095
Sweep_AmplitudeStep_25pct,25.0,IPDFT,Window-based,30,0.00342148553497221,0.0037806457475135996,0.0008824814090548501,0.0050386400790704,0.0015607178105020076
Sweep_AmplitudeStep_25pct,25.0,TFT,Window-based,30,0.0019878486754554164,0.0021621146350972002,0.00089934150046534,0.0028802640816716,0.0008234154406263391
Sweep_AmplitudeStep_35pct,35.0,RLS,Adaptive,30,0.9269110243003742,0.9956489756030633,0.23894293496802926,1.4913023432902714,0.4927506034914377
Sweep_AmplitudeStep_35pct,35.0,TKEO,Adaptive,30,9.187568151138795,8.8422237050222,7.957811431692474,10.883470057811415,1.115250245126044
Sweep_AmplitudeStep_35pct,35.0,PLL,Loop-based,30,0.21863914929815992,0.165903107885068,0.16193001713630364,0.31514989665288623,0.1351808599996244
Sweep_AmplitudeStep_35pct,35.0,SOGI-FLL,Loop-based,30,0.0065204166556269965,0.006644685146105949,0.00547264969482068,0.00773026509627634,0.0008015076442436769
Sweep_AmplitudeStep_35pct,35.0,SOGI-PLL,Loop-based,30,0.018983603847760447,0.017085440671105352,0.00787996226419505,0.029298165704891948,0.010157530757042559
Sweep_AmplitudeStep_35pct,35.0,Type-3 SOGI-PLL,Loop-based,30,0.03344368239407537,0.0247260871422319,0.00866019921216693,0.06425609144622106,0.026889643234536464
Sweep_AmplitudeStep_35pct,35.0,ZCD,Loop-based,30,0.010849208922414557,0.010419114669753,0.0056650453016128905,0.0160869562200186,0.003910111170242655
Sweep_AmplitudeStep_35pct,35.0,EKF,Model-based,30,0.0030262230290293633,0.00285350023239015,0.0008666007964034701,0.00564138699110119,0.0018890975040838844
Sweep_AmplitudeStep_35pct,35.0,LKF,Model-based,30,0.004329313269475987,0.0042521759990993,0.00403881813002791,0.00496164512886387,0.0003296944565696921
Sweep_AmplitudeStep_35pct,35.0,LKF2,Model-based,30,0.007013607806727929,0.00483047845528625,0.00380332625555914,0.01325822216990226,0.0037166374198089247
Sweep_AmplitudeStep_35pct,35.0,RA-EKF,Model-based,30,0.0007594511597235233,0.0006429940180828,0.00047912721940098,0.0012700128154560701,0.00037128174903814867
Sweep_AmplitudeStep_35pct,35.0,UKF,Model-based,30,0.0015919368073734597,0.00140585248195235,0.0007635452078216699,0.0024913203299174002,0.0006232254916009281
Sweep_AmplitudeStep_35pct,35.0,IPDFT,Window-based,30,0.004574774755675753,0.0051004921836513995,0.0010861766469091002,0.00675007701701595,0.0021049799891312403
Sweep_AmplitudeStep_35pct,35.0,TFT,Window-based,30,0.0026146017801192173,0.00280533212787185,0.0009694059713560199,0.0038730652365938103,0.0011471274876438315
Sweep_AmplitudeStep_50pct,50.0,RLS,Adaptive,30,1.0436352076900441,1.2304831411200907,0.28321546540434783,1.563831016916226,0.530959713204421
Sweep_AmplitudeStep_50pct,50.0,TKEO,Adaptive,30,9.301292716879045,8.96648028638731,8.096479840896093,11.023814925371612,1.1191131839151618
Sweep_AmplitudeStep_50pct,50.0,PLL,Loop-based,30,0.21885611077568562,0.16598155268710074,0.1622750140332303,0.3153592872849007,0.13512646565087075
Sweep_AmplitudeStep_50pct,50.0,SOGI-FLL,Loop-based,30,0.0075883226778995895,0.0074727217564546505,0.0061603046155816405,0.00927391344035679,0.0011238611738241537
Sweep_AmplitudeStep_50pct,50.0,SOGI-PLL,Loop-based,30,0.020277048710795543,0.01849401757725545,0.0099475250377569,0.030399470739084743,0.010042019879919638
Sweep_AmplitudeStep_50pct,50.0,Type-3 SOGI-PLL,Loop-based,30,0.03426385740002423,0.02486920458626725,0.009365768512038141,0.06435419759066739,0.02651868998071108
Sweep_AmplitudeStep_50pct,50.0,ZCD,Loop-based,30,0.010136065476676549,0.0097043015025132,0.00530550412869837,0.01499294068018671,0.003698129889469358
Sweep_AmplitudeStep_50pct,50.0,EKF,Model-based,30,0.0032091843233847507,0.0030952845957609504,0.00104278287310648,0.00565860048338522,0.0018067745784939393
Sweep_AmplitudeStep_50pct,50.0,LKF,Model-based,30,0.004594851861543046,0.0044094679932995,0.00405449533171065,0.00570093972602242,0.0005659620672978631
Sweep_AmplitudeStep_50pct,50.0,LKF2,Model-based,30,0.008041581796129096,0.0061794595261517,0.004916072903678441,0.01399837829884603,0.003493002212513333
Sweep_AmplitudeStep_50pct,50.0,RA-EKF,Model-based,30,0.0008049641111219434,0.0006826609607308,0.0005075191567980301,0.00131458051589419,0.0003659486129018717
Sweep_AmplitudeStep_50pct,50.0,UKF,Model-based,30,0.0018597149502680966,0.0018654600965111,0.00099737835478093,0.00272475523385423,0.0006277654201731674
Sweep_AmplitudeStep_50pct,50.0,IPDFT,Window-based,30,0.006154255412958207,0.00693077049718455,0.00145640380335873,0.00908759489264999,0.0028446549636065486
Sweep_AmplitudeStep_50pct,50.0,TFT,Window-based,30,0.003514179313366153,0.0037468151840662,0.00109420978790024,0.00528270417687438,0.0016022480114127398
Sweep_AmplitudeStep_75pct,75.0,RLS,Adaptive,30,1.2403838444783133,1.397795416713496,0.5296041987378527,1.7922950939452074,0.4986145999094711
Sweep_AmplitudeStep_75pct,75.0,TKEO,Adaptive,30,9.536147091684112,9.187238932025881,8.304030091978573,11.293282803279759,1.157227509421227
Sweep_AmplitudeStep_75pct,75.0,PLL,Loop-based,30,0.21927544810163596,0.16609716333120605,0.16274618839461558,0.31579640361017847,0.13502083406705112
Sweep_AmplitudeStep_75pct,75.0,SOGI-FLL,Loop-based,30,0.009290927946330012,0.00887373460328705,0.00743723394356248,0.01197844434180956,0.0016416320775116528
Sweep_AmplitudeStep_75pct,75.0,SOGI-PLL,Loop-based,30,0.02218952815284751,0.0219970119630662,0.012137984377731661,0.03142882114250514,0.010176841398831557
Sweep_AmplitudeStep_75pct,75.0,Type-3 SOGI-PLL,Loop-based,30,0.03559451293711107,0.02593572195174105,0.01061089317956013,0.06454349248212636,0.02601062043501868
Sweep_AmplitudeStep_75pct,75.0,ZCD,Loop-based,30,0.009260794596146706,0.0088277475036131,0.00486501651633699,0.01379392660831662,0.0034478614004937137
Sweep_AmplitudeStep_75pct,75.0,EKF,Model-based,30,0.00361136556513176,0.00377412320707575,0.0015404661831491702,0.0057058254260777905,0.0017056421053554386
Sweep_AmplitudeStep_75pct,75.0,LKF,Model-based,30,0.005047328753061447,0.004661006642397551,0.00408989979808457,0.00693579764885954,0.0009610508342512442
Sweep_AmplitudeStep_75pct,75.0,LKF2,Model-based,30,0.00990035902640274,0.00879267502168525,0.006528665208640601,0.01558254126241285,0.0033092119341692635
Sweep_AmplitudeStep_75pct,75.0,RA-EKF,Model-based,30,0.00087086519032204,0.0007631079830694499,0.00054159753129202,0.00138147275645523,0.00035233134953405377
Sweep_AmplitudeStep_75pct,75.0,UKF,Model-based,30,0.0023587812567397964,0.00252614775078265,0.00132965609916659,0.00323247259649903,0.0007320096026678497
Sweep_AmplitudeStep_75pct,75.0,IPDFT,Window-based,30,0.008455840967653458,0.00964733356327395,0.00204036627575962,0.01251564424206259,0.003917358597912979
Sweep_AmplitudeStep_75pct,75.0,TFT,Window-based,30,0.004923691836152581,0.00525090920522895,0.0013320502351101301,0.00747457716742836,0.0023012726893859637
Sweep_AmplitudeStep_100pct,100.0,RLS,Adaptive,30,1.4061587404287201,1.5380074509768284,0.6042563218641717,1.8571327030606761,0.49037288331531936
Sweep_AmplitudeStep_100pct,100.0,TKEO,Adaptive,30,9.716610075133968,9.429986556780884,8.453919706474938,11.46438680901967,1.1543828618734533
Sweep_AmplitudeStep_100pct,100.0,PLL,Loop-based,30,0.21975127661742627,0.16652788783918004,0.1631738259849443,0.31632354268400964,0.13490088883070617
Sweep_AmplitudeStep_100pct,100.0,SOGI-FLL,Loop-based,30,0.010847439489641003,0.0101492712181888,0.00863597640500139,0.014371907819148289,0.0020919519012804724
Sweep_AmplitudeStep_100pct,100.0,SOGI-PLL,Loop-based,30,0.023779020100406174,0.024398780409651398,0.012456921714930692,0.03429931087830785,0.01052479964016604
Sweep_AmplitudeStep_100pct,100.0,Type-3 SOGI-PLL,Loop-based,30,0.03681254834760426,0.0274753295027436,0.01233741973433872,0.06474919266869016,0.025627629923611266
Sweep_AmplitudeStep_100pct,100.0,ZCD,Loop-based,30,0.008642673201116675,0.008209380739438051,0.0045549158277156,0.013096540557161892,0.0032802256980248687
Sweep_AmplitudeStep_100pct,100.0,EKF,Model-based,30,0.004110127313296093,0.00434713645159035,0.0016870666415379602,0.00612131028816558,0.0016861108437635725
Sweep_AmplitudeStep_100pct,100.0,LKF,Model-based,30,0.005471231538288066,0.004957452339734349,0.00422148278671426,0.008078636988452431,0.0013248558834765974
Sweep_AmplitudeStep_100pct,100.0,LKF2,Model-based,30,0.011837153508380945,0.01124050518511005,0.008129808146688039,0.01745897934799924,0.003326185172147032
Sweep_AmplitudeStep_100pct,100.0,RA-EKF,Model-based,30,0.0009146345338532101,0.0008241280986251,0.00061776029916359,0.00135912319472935,0.00033879687677941376
Sweep_AmplitudeStep_100pct,100.0,UKF,Model-based,30,0.0028956729563566768,0.0030563531768284,0.0015429469048875,0.0038124754549103503,0.0009090963709394438
Sweep_AmplitudeStep_100pct,100.0,IPDFT,Window-based,30,0.010434075618479961,0.0120306968817429,0.00256327620031845,0.01550946274378005,0.004837129348202094
Sweep_AmplitudeStep_100pct,100.0,TFT,Window-based,30,0.006256382645682187,0.00672051480855825,0.00158942880478236,0.00953437984040043,0.0029527492738388793
Sweep_AmplitudeStep_150pct,150.0,RLS,Adaptive,30,1.667178969389963,1.845619087344182,0.6350557331667017,2.084484441326288,0.5036675157336774
Sweep_AmplitudeStep_150pct,150.0,TKEO,Adaptive,30,10.006004334423254,9.774165615911159,8.814759019353982,11.268980461608956,0.9699453136830094
Sweep_AmplitudeStep_150pct,150.0,PLL,Loop-based,30,0.22080452593188724,0.16807176368279841,0.16391645905114843,0.31756004689285755,0.13463761234658533
Sweep_AmplitudeStep_150pct,150.0,SOGI-FLL,Loop-based,30,0.013546441840481139,0.0124508926570043,0.01078617819772727,0.01838827790628677,0.002820132806798794
Sweep_AmplitudeStep_150pct,150.0,SOGI-PLL,Loop-based,30,0.026193491384733123,0.02826370696236205,0.012976876930827082,0.03957832989367301,0.011388613924224463
Sweep_AmplitudeStep_150pct,150.0,Type-3 SOGI-PLL,Loop-based,30,0.038882966350623965,0.030473515770222052,0.01536211435418866,0.06596967603230448,0.02512501552670005
Sweep_AmplitudeStep_150pct,150.0,ZCD,Loop-based,30,0.007848598757792424,0.007355519393957,0.003982997780184161,0.01222422431837665,0.0030807937507395635
Sweep_AmplitudeStep_150pct,150.0,EKF,Model-based,30,0.005289418264678354,0.0058149629649973,0.0021168993275931304,0.00771008231126756,0.0019338750179417323
Sweep_AmplitudeStep_150pct,150.0,LKF,Model-based,30,0.00619194500659711,0.0057599350719499,0.00435058075941322,0.01003493802483358,0.001941014646987901
Sweep_AmplitudeStep_150pct,150.0,LKF2,Model-based,30,0.0157473244412257,0.0151844347480152,0.01125223989226279,0.021411972671739013,0.003755360946696614
Sweep_AmplitudeStep_150pct,150.0,RA-EKF,Model-based,30,0.0010253105889347068,0.0009226941568173,0.0007750115664849,0.0014110938511222603,0.0003096325614035545
Sweep_AmplitudeStep_150pct,150.0,UKF,Model-based,30,0.004027059179686624,0.00438095647760285,0.00227947551957557,0.00534795578114074,0.001340467613005428
Sweep_AmplitudeStep_150pct,150.0,IPDFT,Window-based,30,0.01369568460721814,0.016026240842529002,0.0034678533549986497,0.020501516068321672,0.006351409618217422
Sweep_AmplitudeStep_150pct,150.0,TFT,Window-based,30,0.008803058538259873,0.009537674672129601,0.00213549552935439,0.01345327385643366,0.004182369833855592
Sweep_AmplitudeStep_200pct,200.0,RLS,Adaptive,30,1.7335202989327214,1.8277431938594666,1.1138217712711185,2.0901922872264396,0.4397434289258044
Sweep_AmplitudeStep_200pct,200.0,TKEO,Adaptive,30,10.23491158168237,10.1597487866297,9.118539001237473,11.442139512817418,0.986540514456337
Sweep_AmplitudeStep_200pct,200.0,PLL,Loop-based,30,0.2219074207029845,0.1700929744370143,0.164514227983642,0.31892449892500113,0.1343678960926398
Sweep_AmplitudeStep_200pct,200.0,SOGI-FLL,Loop-based,30,0.0158082150002199,0.014462519522715649,0.01258351121137195,0.02166407002502886,0.0033890383878930124
Sweep_AmplitudeStep_200pct,200.0,SOGI-PLL,Loop-based,30,0.02791003039171142,0.02977778681422235,0.013371066251534012,0.0435003329507063,0.012203084218709708
Sweep_AmplitudeStep_200pct,200.0,Type-3 SOGI-PLL,Loop-based,30,0.04054588685499274,0.034402633977127256,0.01765330518054332,0.0677750716248514,0.02483824979122575
Sweep_AmplitudeStep_200pct,200.0,ZCD,Loop-based,30,0.007377557020349466,0.0068942543586705506,0.00358698613982746,0.01168010595866607,0.0029741494462046177
Sweep_AmplitudeStep_200pct,200.0,EKF,Model-based,30,0.006589863059827284,0.007020469457354151,0.00266996990578783,0.00935574613809974,0.002444871614287912
Sweep_AmplitudeStep_200pct,200.0,LKF,Model-based,30,0.006758320208780676,0.00646149175777815,0.0044027060834392,0.01161579052447934,0.0024336803557407035
Sweep_AmplitudeStep_200pct,200.0,LKF2,Model-based,30,0.01958968663703056,0.019010481507515102,0.01410394171608573,0.026110519421604562,0.004456278705343483
Sweep_AmplitudeStep_200pct,200.0,RA-EKF,Model-based,30,0.0011109772281162568,0.0010206875589912,0.00091520414394646,0.0013961458966283103,0.0002775783019722641
Sweep_AmplitudeStep_200pct,200.0,UKF,Model-based,30,0.005195980612597548,0.005737198362893849,0.00295370624945134,0.0070396546129156,0.0017968622308532963
Sweep_AmplitudeStep_200pct,200.0,IPDFT,Window-based,30,0.016310196039545883,0.01917062382336675,0.00423207085629368,0.02455340797292791,0.007563942650779775
Sweep_AmplitudeStep_200pct,200.0,TFT,Window-based,30,0.011300355772993148,0.01230633727939135,0.00271413873404084,0.01728275738003869,0.005374383136256705
Sweep_AmplitudeStep_250pct,250.0,RLS,Adaptive,30,1.8524795742331928,1.9845144734386233,1.262408860604172,2.2666421284950404,0.4306061260272262
Sweep_AmplitudeStep_250pct,250.0,TKEO,Adaptive,30,10.415999817638285,10.330597168599994,9.451096185675445,11.522538751323111,0.8875997117067015
Sweep_AmplitudeStep_250pct,250.0,PLL,Loop-based,30,0.2229948957513961,0.17282001448545886,0.16505058100727954,0.32032384389749,0.13410997128629426
Sweep_AmplitudeStep_250pct,250.0,SOGI-FLL,Loop-based,30,0.017746796620513358,0.0162817160513443,0.014068210393448919,0.02442495165444648,0.0038538593446635636
Sweep_AmplitudeStep_250pct,250.0,SOGI-PLL,Loop-based,30,0.029182279463419485,0.03008107025464995,0.01367624048751273,0.046168694338925086,0.01289518886558
Sweep_AmplitudeStep_250pct,250.0,Type-3 SOGI-PLL,Loop-based,30,0.04190299074551165,0.0361327162189996,0.01946124784883721,0.06932779993085172,0.024672937253221876
Sweep_AmplitudeStep_250pct,250.0,ZCD,Loop-based,30,0.007076248680582879,0.0066245978675861,0.0033238232055794303,0.01129967428713346,0.0029119506352154436
Sweep_AmplitudeStep_250pct,250.0,EKF,Model-based,30,0.00793085462903435,0.0081869689220918,0.00329049129189872,0.01130560380848497,0.003066258570839446
Sweep_AmplitudeStep_250pct,250.0,LKF,Model-based,30,0.00720577453864175,0.0068388265340601495,0.00443188458851377,0.01291057293520552,0.00283483355704631
Sweep_AmplitudeStep_250pct,250.0,LKF2,Model-based,30,0.023322355198913666,0.02284636620800785,0.01681006252230103,0.030643475542731443,0.005268610904673536
Sweep_AmplitudeStep_250pct,250.0,RA-EKF,Model-based,30,0.0013258796441767734,0.0012675818240465999,0.00110489839982957,0.0015753246538042203,0.0002526479047769473
Sweep_AmplitudeStep_250pct,250.0,UKF,Model-based,30,0.006381109159795926,0.00705834406408005,0.0034806851695237703,0.00870612827263765,0.002253359342125618
Sweep_AmplitudeStep_250pct,250.0,IPDFT,Window-based,30,0.01847974342749244,0.021711029828664997,0.0048934760146451,0.02794912621747046,0.008569240419448905
Sweep_AmplitudeStep_250pct,250.0,TFT,Window-based,30,0.013825605497916489,0.0151072960412451,0.0033274396804719502,0.021145289195287402,0.006568374566239655
Sweep_AmplitudeStep_300pct,300.0,RLS,Adaptive,30,1.8931621955978735,1.940766835045124,1.5230398794574147,2.331923725264187,0.4077537851352295
Sweep_AmplitudeStep_300pct,300.0,TKEO,Adaptive,30,10.508036087334286,10.404091017956633,9.627976848017815,11.485152783364768,0.8007947860485664
Sweep_AmplitudeStep_300pct,300.0,PLL,Loop-based,30,0.22403306763311973,0.1745103866784229,0.1655360862380774,0.32170369761129586,0.13387255294899136
Sweep_AmplitudeStep_300pct,300.0,SOGI-FLL,Loop-based,30,0.01944078291811705,0.0178791287392042,0.01535987292572956,0.02680958657471491,0.004246912969949525
Sweep_AmplitudeStep_300pct,300.0,SOGI-PLL,Loop-based,30,0.030159323667585187,0.03022986312653735,0.01390411513667282,0.04809768667492116,0.013471539140063531
Sweep_AmplitudeStep_300pct,300.0,Type-3 SOGI-PLL,Loop-based,30,0.043030853207773105,0.03780334472681985,0.02093178588747457,0.07066646383011319,0.024579038170678424
Sweep_AmplitudeStep_300pct,300.0,ZCD,Loop-based,30,0.006872426757063502,0.0065114595632177995,0.00314025375787874,0.011036674732444421,0.002873081578232251
Sweep_AmplitudeStep_300pct,300.0,EKF,Model-based,30,0.009273833028161512,0.0094490045822767,0.0039461494005519505,0.01360942912911924,0.003721782466971918
Sweep_AmplitudeStep_300pct,300.0,LKF,Model-based,30,0.0075644247876128475,0.00709462759878925,0.00445085851369349,0.01398980283996744,0.0031676609879526967
Sweep_AmplitudeStep_300pct,300.0,LKF2,Model-based,30,0.02693978120542605,0.0263605359958694,0.01938746917903203,0.035139227640914684,0.006125725925020562
Sweep_AmplitudeStep_300pct,300.0,RA-EKF,Model-based,30,0.001513183499439033,0.0014281093179582,0.00133618465333727,0.0017253201401108004,0.00023367291470568878
Sweep_AmplitudeStep_300pct,300.0,UKF,Model-based,30,0.007572286083774537,0.00834004518350915,0.00387328075668614,0.01038959263060452,0.0027039248938878634
Sweep_AmplitudeStep_300pct,300.0,IPDFT,Window-based,30,0.020325827335081637,0.0238680493996416,0.0054761691389922,0.03086188084205747,0.009423898460149557
Sweep_AmplitudeStep_300pct,300.0,TFT,Window-based,30,0.01642811712345221,0.0179921735930368,0.00398133798452554,0.02511716205354979,0.007787895782226997
Sweep_AmplitudeStep_350pct,350.0,RLS,Adaptive,30,1.9995986533578105,2.04872591247741,1.567058314962109,2.430234318264749,0.3765337678923971
Sweep_AmplitudeStep_350pct,350.0,TKEO,Adaptive,30,10.680523077690037,10.671236317358673,9.806369068990566,11.455843922280348,0.6820881472754378
Sweep_AmplitudeStep_350pct,350.0,PLL,Loop-based,30,0.22500670448258525,0.17580989418480825,0.16596747985004257,0.3230342877968607,0.13365875055492243
Sweep_AmplitudeStep_350pct,350.0,SOGI-FLL,Loop-based,30,0.020944197416100267,0.01929915745851725,0.01637952202505412,0.02890818577638999,0.004588244597374408
Sweep_AmplitudeStep_350pct,350.0,SOGI-PLL,Loop-based,30,0.03093166215891351,0.030615298838659252,0.0139536083815742,0.04965337875784438,0.013952403311670662
Sweep_AmplitudeStep_350pct,350.0,Type-3 SOGI-PLL,Loop-based,30,0.04398372881691008,0.03981714530065235,0.02215598543350262,0.07182878956338,0.02452878742741055
Sweep_AmplitudeStep_350pct,350.0,ZCD,Loop-based,30,0.006728433297752711,0.0064327216236008,0.0030072969563468602,0.01085238519685013,0.002847396669812284
Sweep_AmplitudeStep_350pct,350.0,EKF,Model-based,30,0.01060053734159272,0.01099003350088485,0.00461932370554804,0.01584568620910059,0.004380337456862838
Sweep_AmplitudeStep_350pct,350.0,LKF,Model-based,30,0.007856328281108164,0.007289166790484,0.004463720539036001,0.0149027168802554,0.003448407822657448
Sweep_AmplitudeStep_350pct,350.0,LKF2,Model-based,30,0.030446976219157727,0.0299001634099079,0.02185291998434282,0.03955085084149961,0.006999212138094887
Sweep_AmplitudeStep_350pct,350.0,RA-EKF,Model-based,30,0.0016654083761201664,0.0016127273049414,0.00149637907480022,0.0018195942840576703,0.00021675484158376914
Sweep_AmplitudeStep_350pct,350.0,UKF,Model-based,30,0.008763971434716087,0.00962337363375715,0.00429772801106022,0.012059661243324261,0.003146867188662506
Sweep_AmplitudeStep_350pct,350.0,IPDFT,Window-based,30,0.021926887005521752,0.02573506963821495,0.00599650099736114,0.033404862892428513,0.010164434319745402
Sweep_AmplitudeStep_350pct,350.0,TFT,Window-based,30,0.01914502352860833,0.021000010144215903,0.00468303587196894,0.02925483761244978,0.009049599532990664
Sweep_AmplitudeStep_400pct,400.0,RLS,Adaptive,30,2.0463151967122086,2.096123126571449,1.530226244836853,2.5238591406167687,0.3648808864477806
Sweep_AmplitudeStep_400pct,400.0,TKEO,Adaptive,30,10.749676607743769,10.932761043525861,10.00564220335988,11.375580985082008,0.6191482187095245
Sweep_AmplitudeStep_400pct,400.0,PLL,Loop-based,30,0.2259109436797713,0.17741095017106256,0.16632602567484592,0.3243006381062428,0.13346868601660122
Sweep_AmplitudeStep_400pct,400.0,SOGI-FLL,Loop-based,30,0.022295257315525906,0.02063058912044515,0.01727849990061266,0.030782359375932367,0.004891039027849997
Sweep_AmplitudeStep_400pct,400.0,SOGI-PLL,Loop-based,30,0.031556750514095025,0.030944101156328098,0.0139943188397666,0.05093360506532935,0.01435701781220746
Sweep_AmplitudeStep_400pct,400.0,Type-3 SOGI-PLL,Loop-based,30,0.04480025946938088,0.04150434518970845,0.02277943810604762,0.07284631142347531,0.02450602429084318
Sweep_AmplitudeStep_400pct,400.0,ZCD,Loop-based,30,0.0066231071127003105,0.006375812664004849,0.00290803488395062,0.01071844798984982,0.002829630428810295
Sweep_AmplitudeStep_400pct,400.0,EKF,Model-based,30,0.011902520800310063,0.012515900631079,0.00513421859788686,0.01801512143522447,0.005029390046858096
Sweep_AmplitudeStep_400pct,400.0,LKF,Model-based,30,0.008097270996586258,0.00743989418512,0.00447276560850568,0.01568452861075531,0.0036886937452613733
Sweep_AmplitudeStep_400pct,400.0,LKF2,Model-based,30,0.03385178628136122,0.0333305694741919,0.024114488427304192,0.04386086520291183,0.007876023302053616
Sweep_AmplitudeStep_400pct,400.0,RA-EKF,Model-based,30,0.0018549529697885299,0.0018123195210303,0.00167487940229723,0.00203570296750289,0.00020310921795303475
Sweep_AmplitudeStep_400pct,400.0,UKF,Model-based,30,0.009952911732333135,0.0109187326019323,0.00474680647531029,0.01371565580916125,0.0035817607848867873
Sweep_AmplitudeStep_400pct,400.0,IPDFT,Window-based,30,0.02333636773640551,0.0273756823347137,0.00646609286477111,0.03565600074820258,0.01081574424039808
Sweep_AmplitudeStep_400pct,400.0,TFT,Window-based,30,0.022008281985864013,0.0241645327315782,0.00544064960298831,0.033606205247451365,0.01036698878219972
Sweep_AmplitudeStep_500pct,500.0,RLS,Adaptive,30,2.166293060373921,2.205968820808641,1.621853655197424,2.6121054018760663,0.3633571929768771
Sweep_AmplitudeStep_500pct,500.0,TKEO,Adaptive,30,10.879366088716731,10.90156798943715,10.496125980655673,11.38324417740025,0.4642071039807399
Sweep_AmplitudeStep_500pct,500.0,PLL,Loop-based,30,0.22751649740687283,0.18015331620722505,0.1668918829761495,0.3266204433290144,0.13315379707333125
Sweep_AmplitudeStep_500pct,500.0,SOGI-FLL,Loop-based,30,0.024644892779960438,0.02305391672632395,0.01879662689393125,0.034021151122328896,0.005414835716930357
Sweep_AmplitudeStep_500pct,500.0,SOGI-PLL,Loop-based,30,0.032505337131175385,0.03141215048002036,0.01405739514183938,0.05281176640064028,0.014996294629082772
Sweep_AmplitudeStep_500pct,500.0,Type-3 SOGI-PLL,Loop-based,30,0.046129233031367005,0.043826914135527154,0.023117947865067583,0.07454277279577183,0.024507397334978063
Sweep_AmplitudeStep_500pct,500.0,ZCD,Loop-based,30,0.006482737099711287,0.006300965360577801,0.0027726297018935402,0.01054117164447265,0.0028074083239620316
Sweep_AmplitudeStep_500pct,500.0,EKF,Model-based,30,0.014420573361097174,0.015498128226979,0.00558412355636284,0.02216785875122268,0.006282538002558979
Sweep_AmplitudeStep_500pct,500.0,LKF,Model-based,30,0.008468787933190548,0.0076536560670727,0.00448423362225815,0.016951236516792312,0.004079506318757941
Sweep_AmplitudeStep_500pct,500.0,LKF2,Model-based,30,0.04038633532810711,0.039903703743895846,0.02853956891915799,0.05281287681898475,0.009617146472696144
Sweep_AmplitudeStep_500pct,500.0,RA-EKF,Model-based,30,0.0021901323865471437,0.00215890554250435,0.00202467205244399,0.0024184021092272705,0.00019072826046427545
Sweep_AmplitudeStep_500pct,500.0,UKF,Model-based,30,0.012315346606563039,0.013529374944277101,0.0056990192059550105,0.016984064406783968,0.004427578609160768
Sweep_AmplitudeStep_500pct,500.0,IPDFT,Window-based,30,0.0257225144090747,0.0301463533218018,0.0072854000790361,0.039491972475888766,0.011916857908080407
Sweep_AmplitudeStep_500pct,500.0,TFT,Window-based,30,0.02829599426344227,0.0310929190720328,0.00716155729140356,0.04313042019771934,0.013217169660251422
Sweep_AmplitudeStep_750pct,750.0,RLS,Adaptive,30,2.1741768517186046,2.226234886931244,1.4765658647621849,2.639067237883004,0.44071546225488395
Sweep_AmplitudeStep_750pct,750.0,TKEO,Adaptive,30,11.028260806228953,11.006574735853611,10.649751914063442,11.410535724383559,0.30582702629007924
Sweep_AmplitudeStep_750pct,750.0,PLL,Loop-based,30,0.23055316441157683,0.18430811419676074,0.1677159194156909,0.33125550072459764,0.13265292358906602
Sweep_AmplitudeStep_750pct,750.0,SOGI-FLL,Loop-based,30,0.029166206935474646,0.02762658681584465,0.02150223303141427,0.04021163218675718,0.006457729336121817
Sweep_AmplitudeStep_750pct,750.0,SOGI-PLL,Loop-based,30,0.03392098043451237,0.032043677569762,0.01415507738592822,0.05572064285108382,0.016005214698913608
Sweep_AmplitudeStep_750pct,750.0,Type-3 SOGI-PLL,Loop-based,30,0.04836344985317839,0.04637041520609595,0.02476957572174072,0.07633863522979545,0.024611676641013464
Sweep_AmplitudeStep_750pct,750.0,ZCD,Loop-based,30,0.006317868143740061,0.0062147676862702,0.00260778361223576,0.01033488120552349,0.0027836149318656573
Sweep_AmplitudeStep_750pct,750.0,EKF,Model-based,30,0.0202264925916126,0.0224862952054128,0.007178646739592271,0.03166056786113628,0.009142865339343538
Sweep_AmplitudeStep_750pct,750.0,LKF,Model-based,30,0.009025110011562969,0.007882149912659401,0.00449663321570324,0.019026680384536178,0.004735943922485687
Sweep_AmplitudeStep_750pct,750.0,LKF2,Model-based,30,0.05542256434651463,0.055001610426970146,0.038538077859511355,0.07372680660718894,0.013822819431669573
Sweep_AmplitudeStep_750pct,750.0,RA-EKF,Model-based,30,0.003021442653101257,0.0029729571265221,0.0028379152375867,0.0033780704832532503,0.00018194919043165047
Sweep_AmplitudeStep_750pct,750.0,UKF,Model-based,30,0.018098341753754254,0.0198315081255103,0.00827872708327663,0.02490133788079043,0.0064123224923401684
Sweep_AmplitudeStep_750pct,750.0,IPDFT,Window-based,30,0.030087021871620094,0.0351903444399678,0.00886087966588049,0.04657923868569844,0.013925102522020597
Sweep_AmplitudeStep_750pct,750.0,TFT,Window-based,30,0.0489616212434771,0.05368292486644455,0.01329377919702354,0.07417031304128215,0.022201926702141776
Sweep_AmplitudeStep_1000pct,1000.0,RLS,Adaptive,30,2.130944649838083,2.1818858368763148,1.4310348798679382,2.609035784157551,0.4660782412313412
Sweep_AmplitudeStep_1000pct,1000.0,TKEO,Adaptive,30,10.905120827423215,10.83236247819438,10.354171146743253,11.438520991954949,0.4452740440495433
Sweep_AmplitudeStep_1000pct,1000.0,PLL,Loop-based,30,0.23262549514732045,0.186135712869939,0.16806195069279173,0.3346000296210047,0.1324008672764765
Sweep_AmplitudeStep_1000pct,1000.0,SOGI-FLL,Loop-based,30,0.03253522590298998,0.0303996617268718,0.023241464171475303,0.04482254625089504,0.007332625957470288
Sweep_AmplitudeStep_1000pct,1000.0,SOGI-PLL,Loop-based,30,0.03470146318414031,0.032360470881057354,0.01436360291977885,0.057833974919439986,0.01658887482315916
Sweep_AmplitudeStep_1000pct,1000.0,Type-3 SOGI-PLL,Loop-based,30,0.04976294328307353,0.04785555512320605,0.02639997797046378,0.07864255042716621,0.024739246608386452
Sweep_AmplitudeStep_1000pct,1000.0,ZCD,Loop-based,30,0.006250338519323261,0.00618016375563565,0.00253768659096851,0.010251016113264731,0.0027746315250731872
Sweep_AmplitudeStep_1000pct,1000.0,EKF,Model-based,30,0.025451774217068124,0.028851532152954,0.00910197471411331,0.04021686001555367,0.01168431373387304
Sweep_AmplitudeStep_1000pct,1000.0,LKF,Model-based,30,0.009322019757919896,0.0081091558910272,0.00450129874169202,0.02023601043850152,0.005141246881127576
Sweep_AmplitudeStep_1000pct,1000.0,LKF2,Model-based,30,0.0690547886540771,0.06867477861784345,0.04741702635419384,0.09288565350545554,0.017805735501806634
Sweep_AmplitudeStep_1000pct,1000.0,RA-EKF,Model-based,30,0.0038482470520147236,0.00380631324952855,0.0036534235837819,0.00415342697632809,0.00016967741118442884
Sweep_AmplitudeStep_1000pct,1000.0,UKF,Model-based,30,0.02369157158206114,0.02591636749885555,0.01108641943333012,0.03247757582798058,0.008234145535425322
Sweep_AmplitudeStep_1000pct,1000.0,IPDFT,Window-based,30,0.03315420403392133,0.0387153824366889,0.01002749885093363,0.05150519455384294,0.015330476217318048
Sweep_AmplitudeStep_1000pct,1000.0,TFT,Window-based,30,0.0824833129256966,0.08992384996762251,0.024568443630131203,0.12373206322148582,0.03571267449914615
