scenario,step_percent,estimator,family,run_tier,n_mc_runs,tune_trials,tune_eval_runs,n_cost_reps,base_seed,tuning_base_seed,pipeline_method_version,tuning_elapsed_s,mc_eval_elapsed_s,total_elapsed_s
Sweep_AmplitudeStep_1000pct,1000.0,EKF,Model-based,fast,30,120,4,3,12345,1012345,amplitude_step_v14_fixed_policy_oracle_audit_2026_05_17,2.7800037059932947e-05,39.62896359997103,39.629016800026875
Sweep_AmplitudeStep_1000pct,1000.0,IPDFT,Window-based,fast,30,120,4,3,12345,1012345,amplitude_step_v14_fixed_policy_oracle_audit_2026_05_17,0.0001142999972216785,31.59650399995735,31.596637599985115
Sweep_AmplitudeStep_1000pct,1000.0,LKF,Model-based,fast,30,120,4,3,12345,1012345,amplitude_step_v14_fixed_policy_oracle_audit_2026_05_17,2.9399991035461426e-05,32.30007639998803,32.30012849997729
Sweep_AmplitudeStep_1000pct,1000.0,LKF2,Model-based,fast,30,120,4,3,12345,1012345,amplitude_step_v14_fixed_policy_oracle_audit_2026_05_17,2.1899992134422064e-05,31.696023600001354,31.696067599987146
Sweep_AmplitudeStep_1000pct,1000.0,PLL,Loop-based,fast,30,120,4,3,12345,1012345,amplitude_step_v14_fixed_policy_oracle_audit_2026_05_17,4.1700026486068964e-05,23.66738279996207,23.667449400003534
Sweep_AmplitudeStep_1000pct,1000.0,RA-EKF,Model-based,fast,30,120,4,3,12345,1012345,amplitude_step_v14_fixed_policy_oracle_audit_2026_05_17,0.0012798999669030309,35.79804999998305,35.799571999988984
Sweep_AmplitudeStep_1000pct,1000.0,RLS,Adaptive,fast,30,300,8,3,12345,1012345,amplitude_step_v14_fixed_policy_oracle_audit_2026_05_17,1.3800003216601908e-05,31.044977999998082,31.045008000000962
Sweep_AmplitudeStep_1000pct,1000.0,SOGI-FLL,Loop-based,fast,30,120,4,3,12345,1012345,amplitude_step_v14_fixed_policy_oracle_audit_2026_05_17,4.109996370971203e-05,26.272864700003993,26.272945399978198
Sweep_AmplitudeStep_1000pct,1000.0,SOGI-PLL,Loop-based,fast,30,120,4,3,12345,1012345,amplitude_step_v14_fixed_policy_oracle_audit_2026_05_17,2.7800037059932947e-05,26.16967430000659,26.16973079997115
Sweep_AmplitudeStep_1000pct,1000.0,TFT,Window-based,fast,30,120,4,3,12345,1012345,amplitude_step_v14_fixed_policy_oracle_audit_2026_05_17,2.0899984519928694e-05,39.51729210000485,39.517331600014586
Sweep_AmplitudeStep_1000pct,1000.0,TKEO,Adaptive,fast,30,120,4,3,12345,1012345,amplitude_step_v14_fixed_policy_oracle_audit_2026_05_17,7.970002479851246e-05,26.56640879996121,26.56651759997476
Sweep_AmplitudeStep_1000pct,1000.0,Type-3 SOGI-PLL,Loop-based,fast,30,120,4,3,12345,1012345,amplitude_step_v14_fixed_policy_oracle_audit_2026_05_17,3.1800009310245514e-05,28.88562210003147,28.88568079995457
Sweep_AmplitudeStep_1000pct,1000.0,UKF,Model-based,fast,30,120,4,3,12345,1012345,amplitude_step_v14_fixed_policy_oracle_audit_2026_05_17,0.0005581000004895031,49.066124200006016,49.066736099950504
Sweep_AmplitudeStep_1000pct,1000.0,ZCD,Loop-based,fast,30,120,4,3,12345,1012345,amplitude_step_v14_fixed_policy_oracle_audit_2026_05_17,0.000284800014924258,13.424172199971508,13.424726299999747
Sweep_AmplitudeStep_100pct,100.0,EKF,Model-based,fast,30,120,4,3,12345,1012345,amplitude_step_v14_fixed_policy_oracle_audit_2026_05_17,2.4100008886307478e-05,33.58612649998395,33.586175100004766
Sweep_AmplitudeStep_100pct,100.0,IPDFT,Window-based,fast,30,120,4,3,12345,1012345,amplitude_step_v14_fixed_policy_oracle_audit_2026_05_17,8.209998486563563e-05,29.93231039994862,29.932412999973167
Sweep_AmplitudeStep_100pct,100.0,LKF,Model-based,fast,30,120,4,3,12345,1012345,amplitude_step_v14_fixed_policy_oracle_audit_2026_05_17,2.9100046958774328e-05,34.28491970000323,34.284978199983016
Sweep_AmplitudeStep_100pct,100.0,LKF2,Model-based,fast,30,120,4,3,12345,1012345,amplitude_step_v14_fixed_policy_oracle_audit_2026_05_17,4.279997665435076e-05,35.460737300047185,35.46080309996614
Sweep_AmplitudeStep_100pct,100.0,PLL,Loop-based,fast,30,120,4,3,12345,1012345,amplitude_step_v14_fixed_policy_oracle_audit_2026_05_17,6.749999010935426e-05,26.432070499984547,26.43217210000148
Sweep_AmplitudeStep_100pct,100.0,RA-EKF,Model-based,fast,30,120,4,3,12345,1012345,amplitude_step_v14_fixed_policy_oracle_audit_2026_05_17,2.989999484270811e-05,40.90581759996712,40.90587560000131
Sweep_AmplitudeStep_100pct,100.0,RLS,Adaptive,fast,30,300,8,3,12345,1012345,amplitude_step_v14_fixed_policy_oracle_audit_2026_05_17,1.8300001102034003e-05,33.262717900004645,33.26275429999805
Sweep_AmplitudeStep_100pct,100.0,SOGI-FLL,Loop-based,fast,30,120,4,3,12345,1012345,amplitude_step_v14_fixed_policy_oracle_audit_2026_05_17,2.5399960577487946e-05,27.66323199996259,27.663280199980363
Sweep_AmplitudeStep_100pct,100.0,SOGI-PLL,Loop-based,fast,30,120,4,3,12345,1012345,amplitude_step_v14_fixed_policy_oracle_audit_2026_05_17,2.500001573935151e-05,29.360814000014216,29.360863400041126
Sweep_AmplitudeStep_100pct,100.0,TFT,Window-based,fast,30,120,4,3,12345,1012345,amplitude_step_v14_fixed_policy_oracle_audit_2026_05_17,3.250001464039087e-05,44.415519700036384,44.41557480004849
Sweep_AmplitudeStep_100pct,100.0,TKEO,Adaptive,fast,30,120,4,3,12345,1012345,amplitude_step_v14_fixed_policy_oracle_audit_2026_05_17,2.3300002794712782e-05,30.438386299996637,30.438432599999942
Sweep_AmplitudeStep_100pct,100.0,Type-3 SOGI-PLL,Loop-based,fast,30,120,4,3,12345,1012345,amplitude_step_v14_fixed_policy_oracle_audit_2026_05_17,1.780001912266016e-05,28.834331199992448,28.834371800010558
Sweep_AmplitudeStep_100pct,100.0,UKF,Model-based,fast,30,120,4,3,12345,1012345,amplitude_step_v14_fixed_policy_oracle_audit_2026_05_17,3.2299954909831285e-05,39.122471900016535,39.12253029999556
Sweep_AmplitudeStep_100pct,100.0,ZCD,Loop-based,fast,30,120,4,3,12345,1012345,amplitude_step_v14_fixed_policy_oracle_audit_2026_05_17,0.0001604999997653067,12.608303099987097,12.608696900017094
Sweep_AmplitudeStep_10pct,10.0,EKF,Model-based,fast,30,120,4,3,12345,1012345,amplitude_step_v14_fixed_policy_oracle_audit_2026_05_17,2.069998299703002e-05,21.915820000052918,21.91586039995309
Sweep_AmplitudeStep_10pct,10.0,IPDFT,Window-based,fast,30,120,4,3,12345,1012345,amplitude_step_v14_fixed_policy_oracle_audit_2026_05_17,0.00026329996762797236,25.41065100004198,25.410954800026957
Sweep_AmplitudeStep_10pct,10.0,LKF,Model-based,fast,30,120,4,3,12345,1012345,amplitude_step_v14_fixed_policy_oracle_audit_2026_05_17,2.6200024876743555e-05,24.584400599997025,24.584446699998807
Sweep_AmplitudeStep_10pct,10.0,LKF2,Model-based,fast,30,120,4,3,12345,1012345,amplitude_step_v14_fixed_policy_oracle_audit_2026_05_17,2.5100016500800848e-05,26.660039700043853,26.660085099982098
Sweep_AmplitudeStep_10pct,10.0,PLL,Loop-based,fast,30,120,4,3,12345,1012345,amplitude_step_v14_fixed_policy_oracle_audit_2026_05_17,3.940000897273421e-05,21.451823999988846,21.451884699985385
Sweep_AmplitudeStep_10pct,10.0,RA-EKF,Model-based,fast,30,120,4,3,12345,1012345,amplitude_step_v14_fixed_policy_oracle_audit_2026_05_17,2.8199981898069382e-05,28.12251000001561,28.12256210000487
Sweep_AmplitudeStep_10pct,10.0,RLS,Adaptive,fast,30,300,8,3,12345,1012345,amplitude_step_v14_fixed_policy_oracle_audit_2026_05_17,3.699999797390774e-05,31.259325899998657,31.259399399998074
Sweep_AmplitudeStep_10pct,10.0,SOGI-FLL,Loop-based,fast,30,120,4,3,12345,1012345,amplitude_step_v14_fixed_policy_oracle_audit_2026_05_17,3.489997470751405e-05,19.730413799989037,19.730467899993528
Sweep_AmplitudeStep_10pct,10.0,SOGI-PLL,Loop-based,fast,30,120,4,3,12345,1012345,amplitude_step_v14_fixed_policy_oracle_audit_2026_05_17,2.6900030206888914e-05,21.554036499990616,21.554087099968456
Sweep_AmplitudeStep_10pct,10.0,TFT,Window-based,fast,30,120,4,3,12345,1012345,amplitude_step_v14_fixed_policy_oracle_audit_2026_05_17,4.240003181621432e-05,30.62286220001988,30.622924700030126
Sweep_AmplitudeStep_10pct,10.0,TKEO,Adaptive,fast,30,120,4,3,12345,1012345,amplitude_step_v14_fixed_policy_oracle_audit_2026_05_17,2.3300002794712782e-05,20.24513689999003,20.24518149998039
Sweep_AmplitudeStep_10pct,10.0,Type-3 SOGI-PLL,Loop-based,fast,30,120,4,3,12345,1012345,amplitude_step_v14_fixed_policy_oracle_audit_2026_05_17,4.3899985030293465e-05,25.2337595000281,25.23382570000831
Sweep_AmplitudeStep_10pct,10.0,UKF,Model-based,fast,30,120,4,3,12345,1012345,amplitude_step_v14_fixed_policy_oracle_audit_2026_05_17,2.1599989850074053e-05,25.28930899995612,25.289349199971184
Sweep_AmplitudeStep_10pct,10.0,ZCD,Loop-based,fast,30,120,4,3,12345,1012345,amplitude_step_v14_fixed_policy_oracle_audit_2026_05_17,0.00017660000594332814,11.99507329997141,11.995294699969236
Sweep_AmplitudeStep_150pct,150.0,EKF,Model-based,fast,30,120,4,3,12345,1012345,amplitude_step_v14_fixed_policy_oracle_audit_2026_05_17,0.00028739997651427984,33.673254600027576,33.673841499956325
Sweep_AmplitudeStep_150pct,150.0,IPDFT,Window-based,fast,30,120,4,3,12345,1012345,amplitude_step_v14_fixed_policy_oracle_audit_2026_05_17,2.0199979189783335e-05,37.10153069999069,37.10157050000271
Sweep_AmplitudeStep_150pct,150.0,LKF,Model-based,fast,30,120,4,3,12345,1012345,amplitude_step_v14_fixed_policy_oracle_audit_2026_05_17,0.00014249997911974788,29.276746599993203,29.276915099995676
Sweep_AmplitudeStep_150pct,150.0,LKF2,Model-based,fast,30,120,4,3,12345,1012345,amplitude_step_v14_fixed_policy_oracle_audit_2026_05_17,9.159999899566174e-05,32.033455799974035,32.03358310001204
Sweep_AmplitudeStep_150pct,150.0,PLL,Loop-based,fast,30,120,4,3,12345,1012345,amplitude_step_v14_fixed_policy_oracle_audit_2026_05_17,0.00012420001439750195,30.04480530001456,30.04496960004326
Sweep_AmplitudeStep_150pct,150.0,RA-EKF,Model-based,fast,30,120,4,3,12345,1012345,amplitude_step_v14_fixed_policy_oracle_audit_2026_05_17,0.00018390000332146883,36.02898290002486,36.02918940002564
Sweep_AmplitudeStep_150pct,150.0,RLS,Adaptive,fast,30,300,8,3,12345,1012345,amplitude_step_v14_fixed_policy_oracle_audit_2026_05_17,1.290000363951549e-05,34.74846130000515,34.74848989999737
Sweep_AmplitudeStep_150pct,150.0,SOGI-FLL,Loop-based,fast,30,120,4,3,12345,1012345,amplitude_step_v14_fixed_policy_oracle_audit_2026_05_17,7.850001566112041e-05,27.719129299977794,27.719248999957927
Sweep_AmplitudeStep_150pct,150.0,SOGI-PLL,Loop-based,fast,30,120,4,3,12345,1012345,amplitude_step_v14_fixed_policy_oracle_audit_2026_05_17,0.00012360000982880592,26.608931399998255,26.60910470003728
Sweep_AmplitudeStep_150pct,150.0,TFT,Window-based,fast,30,120,4,3,12345,1012345,amplitude_step_v14_fixed_policy_oracle_audit_2026_05_17,3.23000131174922e-05,74.65028150001308,74.65034779999405
Sweep_AmplitudeStep_150pct,150.0,TKEO,Adaptive,fast,30,120,4,3,12345,1012345,amplitude_step_v14_fixed_policy_oracle_audit_2026_05_17,2.7699978090822697e-05,26.90620690002106,26.90627500001574
Sweep_AmplitudeStep_150pct,150.0,Type-3 SOGI-PLL,Loop-based,fast,30,120,4,3,12345,1012345,amplitude_step_v14_fixed_policy_oracle_audit_2026_05_17,0.0003389000194147229,24.869838000042364,24.870210999972187
Sweep_AmplitudeStep_150pct,150.0,UKF,Model-based,fast,30,120,4,3,12345,1012345,amplitude_step_v14_fixed_policy_oracle_audit_2026_05_17,0.00023040000814944506,33.445232999976724,33.445487099990714
Sweep_AmplitudeStep_150pct,150.0,ZCD,Loop-based,fast,30,120,4,3,12345,1012345,amplitude_step_v14_fixed_policy_oracle_audit_2026_05_17,2.2099993657320738e-05,15.433892800007015,15.433936799992807
Sweep_AmplitudeStep_15pct,15.0,EKF,Model-based,fast,30,120,4,3,12345,1012345,amplitude_step_v14_fixed_policy_oracle_audit_2026_05_17,0.0015507999924011528,40.496984300029,40.49880309996661
Sweep_AmplitudeStep_15pct,15.0,IPDFT,Window-based,fast,30,120,4,3,12345,1012345,amplitude_step_v14_fixed_policy_oracle_audit_2026_05_17,4.800001624971628e-05,25.121273099968676,25.121362699952442
Sweep_AmplitudeStep_15pct,15.0,LKF,Model-based,fast,30,120,4,3,12345,1012345,amplitude_step_v14_fixed_policy_oracle_audit_2026_05_17,2.4900014977902174e-05,35.23491880000802,35.23496759997215
Sweep_AmplitudeStep_15pct,15.0,LKF2,Model-based,fast,30,120,4,3,12345,1012345,amplitude_step_v14_fixed_policy_oracle_audit_2026_05_17,3.8700003642588854e-05,55.090517200005706,55.09059580002213
Sweep_AmplitudeStep_15pct,15.0,PLL,Loop-based,fast,30,120,4,3,12345,1012345,amplitude_step_v14_fixed_policy_oracle_audit_2026_05_17,2.859998494386673e-05,24.875892399984878,24.875948300003074
Sweep_AmplitudeStep_15pct,15.0,RA-EKF,Model-based,fast,30,120,4,3,12345,1012345,amplitude_step_v14_fixed_policy_oracle_audit_2026_05_17,0.00039360002847388387,46.50108310003998,46.50151569995796
Sweep_AmplitudeStep_15pct,15.0,RLS,Adaptive,fast,30,300,8,3,12345,1012345,amplitude_step_v14_fixed_policy_oracle_audit_2026_05_17,3.470000228844583e-05,31.5441032000017,31.54417050000484
Sweep_AmplitudeStep_15pct,15.0,SOGI-FLL,Loop-based,fast,30,120,4,3,12345,1012345,amplitude_step_v14_fixed_policy_oracle_audit_2026_05_17,3.090000245720148e-05,26.303032099967822,26.303088599990588
Sweep_AmplitudeStep_15pct,15.0,SOGI-PLL,Loop-based,fast,30,120,4,3,12345,1012345,amplitude_step_v14_fixed_policy_oracle_audit_2026_05_17,1.9199971575289965e-05,28.858932300005108,28.858972499961965
Sweep_AmplitudeStep_15pct,15.0,TFT,Window-based,fast,30,120,4,3,12345,1012345,amplitude_step_v14_fixed_policy_oracle_audit_2026_05_17,1.8899969290941954e-05,32.972357199992985,32.97239469998749
Sweep_AmplitudeStep_15pct,15.0,TKEO,Adaptive,fast,30,120,4,3,12345,1012345,amplitude_step_v14_fixed_policy_oracle_audit_2026_05_17,9.819999104365706e-05,29.603178300021682,29.60330849996535
Sweep_AmplitudeStep_15pct,15.0,Type-3 SOGI-PLL,Loop-based,fast,30,120,4,3,12345,1012345,amplitude_step_v14_fixed_policy_oracle_audit_2026_05_17,2.1899992134422064e-05,30.677748999965843,30.677794000017457
Sweep_AmplitudeStep_15pct,15.0,UKF,Model-based,fast,30,120,4,3,12345,1012345,amplitude_step_v14_fixed_policy_oracle_audit_2026_05_17,0.0004566999850794673,35.59452169999713,35.59502110001631
Sweep_AmplitudeStep_15pct,15.0,ZCD,Loop-based,fast,30,120,4,3,12345,1012345,amplitude_step_v14_fixed_policy_oracle_audit_2026_05_17,2.19999928958714e-05,11.228768399974797,11.228841400006786
Sweep_AmplitudeStep_1pct,1.0,EKF,Model-based,fast,30,120,4,3,12345,1012345,amplitude_step_v14_fixed_policy_oracle_audit_2026_05_17,4.769995575770736e-05,33.24511519999942,33.2452247000183
Sweep_AmplitudeStep_1pct,1.0,IPDFT,Window-based,fast,30,120,4,3,12345,1012345,amplitude_step_v14_fixed_policy_oracle_audit_2026_05_17,2.3600005079060793e-05,27.020387600001413,27.02043330000015
Sweep_AmplitudeStep_1pct,1.0,LKF,Model-based,fast,30,120,4,3,12345,1012345,amplitude_step_v14_fixed_policy_oracle_audit_2026_05_17,9.330001194030046e-05,30.22908700001426,30.229214300052263
Sweep_AmplitudeStep_1pct,1.0,LKF2,Model-based,fast,30,120,4,3,12345,1012345,amplitude_step_v14_fixed_policy_oracle_audit_2026_05_17,0.00010779994772747159,32.607605100027286,32.607754299999215
Sweep_AmplitudeStep_1pct,1.0,PLL,Loop-based,fast,30,120,4,3,12345,1012345,amplitude_step_v14_fixed_policy_oracle_audit_2026_05_17,0.00012050004443153739,32.37778849998722,32.37794179999037
Sweep_AmplitudeStep_1pct,1.0,RA-EKF,Model-based,fast,30,120,4,3,12345,1012345,amplitude_step_v14_fixed_policy_oracle_audit_2026_05_17,2.759997732937336e-05,37.459902000031434,37.459950599994045
Sweep_AmplitudeStep_1pct,1.0,RLS,Adaptive,fast,30,300,8,3,12345,1012345,amplitude_step_v14_fixed_policy_oracle_audit_2026_05_17,2.220000169472769e-05,33.85304399999586,33.85308950000035
Sweep_AmplitudeStep_1pct,1.0,SOGI-FLL,Loop-based,fast,30,120,4,3,12345,1012345,amplitude_step_v14_fixed_policy_oracle_audit_2026_05_17,0.00032539997482672334,27.66097600001376,27.661351200018544
Sweep_AmplitudeStep_1pct,1.0,SOGI-PLL,Loop-based,fast,30,120,4,3,12345,1012345,amplitude_step_v14_fixed_policy_oracle_audit_2026_05_17,8.720002369955182e-05,26.23544060002314,26.235855900042225
Sweep_AmplitudeStep_1pct,1.0,TFT,Window-based,fast,30,120,4,3,12345,1012345,amplitude_step_v14_fixed_policy_oracle_audit_2026_05_17,1.7199956346303225e-05,34.27856480004266,34.278604999999516
Sweep_AmplitudeStep_1pct,1.0,TKEO,Adaptive,fast,30,120,4,3,12345,1012345,amplitude_step_v14_fixed_policy_oracle_audit_2026_05_17,2.370000584051013e-05,26.950089600053616,26.950136500003282
Sweep_AmplitudeStep_1pct,1.0,Type-3 SOGI-PLL,Loop-based,fast,30,120,4,3,12345,1012345,amplitude_step_v14_fixed_policy_oracle_audit_2026_05_17,0.00018350000027567148,31.235181500029285,31.23539260000689
Sweep_AmplitudeStep_1pct,1.0,UKF,Model-based,fast,30,120,4,3,12345,1012345,amplitude_step_v14_fixed_policy_oracle_audit_2026_05_17,0.0001170000177808106,36.18259909999324,36.18275119998725
Sweep_AmplitudeStep_1pct,1.0,ZCD,Loop-based,fast,30,120,4,3,12345,1012345,amplitude_step_v14_fixed_policy_oracle_audit_2026_05_17,5.470000905916095e-05,12.736518100020476,12.736596600036137
Sweep_AmplitudeStep_200pct,200.0,EKF,Model-based,fast,30,120,4,3,12345,1012345,amplitude_step_v14_fixed_policy_oracle_audit_2026_05_17,6.680004298686981e-05,21.68915259995265,21.689244699955452
Sweep_AmplitudeStep_200pct,200.0,IPDFT,Window-based,fast,30,120,4,3,12345,1012345,amplitude_step_v14_fixed_policy_oracle_audit_2026_05_17,2.800003858283162e-05,32.65239310002653,32.652441999991424
Sweep_AmplitudeStep_200pct,200.0,LKF,Model-based,fast,30,120,4,3,12345,1012345,amplitude_step_v14_fixed_policy_oracle_audit_2026_05_17,5.4800009820610285e-05,25.439779899956193,25.439852499985136
Sweep_AmplitudeStep_200pct,200.0,LKF2,Model-based,fast,30,120,4,3,12345,1012345,amplitude_step_v14_fixed_policy_oracle_audit_2026_05_17,7.219996768981218e-05,25.449577299994417,25.449674599978607
Sweep_AmplitudeStep_200pct,200.0,PLL,Loop-based,fast,30,120,4,3,12345,1012345,amplitude_step_v14_fixed_policy_oracle_audit_2026_05_17,1.8499966245144606e-05,27.668726500007324,27.668763800000306
Sweep_AmplitudeStep_200pct,200.0,RA-EKF,Model-based,fast,30,120,4,3,12345,1012345,amplitude_step_v14_fixed_policy_oracle_audit_2026_05_17,5.9699988923966885e-05,33.37388079997618,33.373963099962566
Sweep_AmplitudeStep_200pct,200.0,RLS,Adaptive,fast,30,300,8,3,12345,1012345,amplitude_step_v14_fixed_policy_oracle_audit_2026_05_17,1.4500001270789653e-05,33.020004099998914,33.020036599999
Sweep_AmplitudeStep_200pct,200.0,SOGI-FLL,Loop-based,fast,30,120,4,3,12345,1012345,amplitude_step_v14_fixed_policy_oracle_audit_2026_05_17,0.00103270000545308,28.386174399987794,28.38726270000916
Sweep_AmplitudeStep_200pct,200.0,SOGI-PLL,Loop-based,fast,30,120,4,3,12345,1012345,amplitude_step_v14_fixed_policy_oracle_audit_2026_05_17,3.250001464039087e-05,43.812998300010804,43.813062600034755
Sweep_AmplitudeStep_200pct,200.0,TFT,Window-based,fast,30,120,4,3,12345,1012345,amplitude_step_v14_fixed_policy_oracle_audit_2026_05_17,2.4600012693554163e-05,38.8106144000194,38.810659800015856
Sweep_AmplitudeStep_200pct,200.0,TKEO,Adaptive,fast,30,120,4,3,12345,1012345,amplitude_step_v14_fixed_policy_oracle_audit_2026_05_17,3.460003063082695e-05,25.333655600028578,25.333710799983237
Sweep_AmplitudeStep_200pct,200.0,Type-3 SOGI-PLL,Loop-based,fast,30,120,4,3,12345,1012345,amplitude_step_v14_fixed_policy_oracle_audit_2026_05_17,0.00012669997522607446,22.310942000010982,22.3111047000275
Sweep_AmplitudeStep_200pct,200.0,UKF,Model-based,fast,30,120,4,3,12345,1012345,amplitude_step_v14_fixed_policy_oracle_audit_2026_05_17,0.00017899996601045132,25.92295679997187,25.923157599987462
Sweep_AmplitudeStep_200pct,200.0,ZCD,Loop-based,fast,30,120,4,3,12345,1012345,amplitude_step_v14_fixed_policy_oracle_audit_2026_05_17,7.159996312111616e-05,14.318943299993407,14.319039599969983
Sweep_AmplitudeStep_20pct,20.0,EKF,Model-based,fast,30,120,4,3,12345,1012345,amplitude_step_v14_fixed_policy_oracle_audit_2026_05_17,3.070000093430281e-05,33.60799930000212,33.60805999999866
Sweep_AmplitudeStep_20pct,20.0,IPDFT,Window-based,fast,30,120,4,3,12345,1012345,amplitude_step_v14_fixed_policy_oracle_audit_2026_05_17,0.00013229995965957642,31.066952499968465,31.06711439997889
Sweep_AmplitudeStep_20pct,20.0,LKF,Model-based,fast,30,120,4,3,12345,1012345,amplitude_step_v14_fixed_policy_oracle_audit_2026_05_17,3.319996176287532e-05,34.31436840002425,34.314421899965964
Sweep_AmplitudeStep_20pct,20.0,LKF2,Model-based,fast,30,120,4,3,12345,1012345,amplitude_step_v14_fixed_policy_oracle_audit_2026_05_17,3.650004509836435e-05,35.21147160005057,35.21153440000489
Sweep_AmplitudeStep_20pct,20.0,PLL,Loop-based,fast,30,120,4,3,12345,1012345,amplitude_step_v14_fixed_policy_oracle_audit_2026_05_17,4.090002039447427e-05,21.137192900001537,21.137255700014066
Sweep_AmplitudeStep_20pct,20.0,RA-EKF,Model-based,fast,30,120,4,3,12345,1012345,amplitude_step_v14_fixed_policy_oracle_audit_2026_05_17,2.9799994081258774e-05,41.48005319997901,41.48011080001015
Sweep_AmplitudeStep_20pct,20.0,RLS,Adaptive,fast,30,300,8,3,12345,1012345,amplitude_step_v14_fixed_policy_oracle_audit_2026_05_17,1.2399999832268804e-05,32.67637140000443,32.67639920000511
Sweep_AmplitudeStep_20pct,20.0,SOGI-FLL,Loop-based,fast,30,120,4,3,12345,1012345,amplitude_step_v14_fixed_policy_oracle_audit_2026_05_17,3.929995000362396e-05,20.934030400007032,20.934095499978866
Sweep_AmplitudeStep_20pct,20.0,SOGI-PLL,Loop-based,fast,30,120,4,3,12345,1012345,amplitude_step_v14_fixed_policy_oracle_audit_2026_05_17,0.00011610001092776656,21.573356200009584,21.573496800032444
Sweep_AmplitudeStep_20pct,20.0,TFT,Window-based,fast,30,120,4,3,12345,1012345,amplitude_step_v14_fixed_policy_oracle_audit_2026_05_17,7.729994831606746e-05,40.4817184000276,40.48182899999665
Sweep_AmplitudeStep_20pct,20.0,TKEO,Adaptive,fast,30,120,4,3,12345,1012345,amplitude_step_v14_fixed_policy_oracle_audit_2026_05_17,4.67000063508749e-05,27.95436850003898,27.95445279998239
Sweep_AmplitudeStep_20pct,20.0,Type-3 SOGI-PLL,Loop-based,fast,30,120,4,3,12345,1012345,amplitude_step_v14_fixed_policy_oracle_audit_2026_05_17,4.0300015825778246e-05,23.389211700006854,23.389275500026997
Sweep_AmplitudeStep_20pct,20.0,UKF,Model-based,fast,30,120,4,3,12345,1012345,amplitude_step_v14_fixed_policy_oracle_audit_2026_05_17,2.3800006601959467e-05,37.781229999964125,37.781274700013455
Sweep_AmplitudeStep_20pct,20.0,ZCD,Loop-based,fast,30,120,4,3,12345,1012345,amplitude_step_v14_fixed_policy_oracle_audit_2026_05_17,0.00022899999748915434,15.45566780003719,15.4559772000066
Sweep_AmplitudeStep_250pct,250.0,EKF,Model-based,fast,30,120,4,3,12345,1012345,amplitude_step_v14_fixed_policy_oracle_audit_2026_05_17,3.2800016924738884e-05,25.931352799991146,25.931419800035655
Sweep_AmplitudeStep_250pct,250.0,IPDFT,Window-based,fast,30,120,4,3,12345,1012345,amplitude_step_v14_fixed_policy_oracle_audit_2026_05_17,0.00012400001287460327,28.298837600043043,28.298996400029864
Sweep_AmplitudeStep_250pct,250.0,LKF,Model-based,fast,30,120,4,3,12345,1012345,amplitude_step_v14_fixed_policy_oracle_audit_2026_05_17,2.2799998987466097e-05,30.473361500015017,30.473406500008423
Sweep_AmplitudeStep_250pct,250.0,LKF2,Model-based,fast,30,120,4,3,12345,1012345,amplitude_step_v14_fixed_policy_oracle_audit_2026_05_17,2.3699947632849216e-05,29.946917099994607,29.946962199988775
Sweep_AmplitudeStep_250pct,250.0,PLL,Loop-based,fast,30,120,4,3,12345,1012345,amplitude_step_v14_fixed_policy_oracle_audit_2026_05_17,2.6200024876743555e-05,23.89334140002029,23.893396999977995
Sweep_AmplitudeStep_250pct,250.0,RA-EKF,Model-based,fast,30,120,4,3,12345,1012345,amplitude_step_v14_fixed_policy_oracle_audit_2026_05_17,2.500001573935151e-05,33.33554739999818,33.335594600008335
Sweep_AmplitudeStep_250pct,250.0,RLS,Adaptive,fast,30,300,8,3,12345,1012345,amplitude_step_v14_fixed_policy_oracle_audit_2026_05_17,1.6099998902063817e-05,33.5499920000002,33.55002550000063
Sweep_AmplitudeStep_250pct,250.0,SOGI-FLL,Loop-based,fast,30,120,4,3,12345,1012345,amplitude_step_v14_fixed_policy_oracle_audit_2026_05_17,4.250003257766366e-05,22.470413099974394,22.470489200029988
Sweep_AmplitudeStep_250pct,250.0,SOGI-PLL,Loop-based,fast,30,120,4,3,12345,1012345,amplitude_step_v14_fixed_policy_oracle_audit_2026_05_17,4.4899992644786835e-05,25.824373000010382,25.824452500033658
Sweep_AmplitudeStep_250pct,250.0,TFT,Window-based,fast,30,120,4,3,12345,1012345,amplitude_step_v14_fixed_policy_oracle_audit_2026_05_17,2.1400046534836292e-05,35.2336278000148,35.233668700035196
Sweep_AmplitudeStep_250pct,250.0,TKEO,Adaptive,fast,30,120,4,3,12345,1012345,amplitude_step_v14_fixed_policy_oracle_audit_2026_05_17,1.880002673715353e-05,23.722454699978698,23.722491300024558
Sweep_AmplitudeStep_250pct,250.0,Type-3 SOGI-PLL,Loop-based,fast,30,120,4,3,12345,1012345,amplitude_step_v14_fixed_policy_oracle_audit_2026_05_17,1.850002445280552e-05,26.20628859999124,26.20632590004243
Sweep_AmplitudeStep_250pct,250.0,UKF,Model-based,fast,30,120,4,3,12345,1012345,amplitude_step_v14_fixed_policy_oracle_audit_2026_05_17,2.2599997464567423e-05,31.01259120000759,31.012634499988053
Sweep_AmplitudeStep_250pct,250.0,ZCD,Loop-based,fast,30,120,4,3,12345,1012345,amplitude_step_v14_fixed_policy_oracle_audit_2026_05_17,3.589998232200742e-05,13.533155699959025,13.533396799990442
Sweep_AmplitudeStep_25pct,25.0,EKF,Model-based,fast,30,120,4,3,12345,1012345,amplitude_step_v14_fixed_policy_oracle_audit_2026_05_17,1.969997538253665e-05,21.13941010000417,21.139447800000198
Sweep_AmplitudeStep_25pct,25.0,IPDFT,Window-based,fast,30,120,4,3,12345,1012345,amplitude_step_v14_fixed_policy_oracle_audit_2026_05_17,0.00022069999249652028,41.680691099958494,41.68096029997105
Sweep_AmplitudeStep_25pct,25.0,LKF,Model-based,fast,30,120,4,3,12345,1012345,amplitude_step_v14_fixed_policy_oracle_audit_2026_05_17,5.849997978657484e-05,28.951217200024985,28.951294299971778
Sweep_AmplitudeStep_25pct,25.0,LKF2,Model-based,fast,30,120,4,3,12345,1012345,amplitude_step_v14_fixed_policy_oracle_audit_2026_05_17,2.5100016500800848e-05,23.42827789997682,23.42832449998241
Sweep_AmplitudeStep_25pct,25.0,PLL,Loop-based,fast,30,120,4,3,12345,1012345,amplitude_step_v14_fixed_policy_oracle_audit_2026_05_17,0.0002250999677926302,22.964193899999373,22.964445199992042
Sweep_AmplitudeStep_25pct,25.0,RA-EKF,Model-based,fast,30,120,4,3,12345,1012345,amplitude_step_v14_fixed_policy_oracle_audit_2026_05_17,2.0600040443241596e-05,28.74190500000259,28.741943400003947
Sweep_AmplitudeStep_25pct,25.0,RLS,Adaptive,fast,30,300,8,3,12345,1012345,amplitude_step_v14_fixed_policy_oracle_audit_2026_05_17,1.5400000847876072e-05,32.61843969999609,32.61847180000041
Sweep_AmplitudeStep_25pct,25.0,SOGI-FLL,Loop-based,fast,30,120,4,3,12345,1012345,amplitude_step_v14_fixed_policy_oracle_audit_2026_05_17,0.0002539000124670565,20.056146799994167,20.056449000025168
Sweep_AmplitudeStep_25pct,25.0,SOGI-PLL,Loop-based,fast,30,120,4,3,12345,1012345,amplitude_step_v14_fixed_policy_oracle_audit_2026_05_17,0.00019269995391368866,27.71229500003392,27.71252609998919
Sweep_AmplitudeStep_25pct,25.0,TFT,Window-based,fast,30,120,4,3,12345,1012345,amplitude_step_v14_fixed_policy_oracle_audit_2026_05_17,0.0019972999580204487,36.28992360003758,36.29195240000263
Sweep_AmplitudeStep_25pct,25.0,TKEO,Adaptive,fast,30,120,4,3,12345,1012345,amplitude_step_v14_fixed_policy_oracle_audit_2026_05_17,1.6600009985268116e-05,19.868406699970365,19.868440399994142
Sweep_AmplitudeStep_25pct,25.0,Type-3 SOGI-PLL,Loop-based,fast,30,120,4,3,12345,1012345,amplitude_step_v14_fixed_policy_oracle_audit_2026_05_17,4.379998426884413e-05,23.098034200025722,23.098097799986135
Sweep_AmplitudeStep_25pct,25.0,UKF,Model-based,fast,30,120,4,3,12345,1012345,amplitude_step_v14_fixed_policy_oracle_audit_2026_05_17,2.2599997464567423e-05,25.216368899971712,25.216408799984492
Sweep_AmplitudeStep_25pct,25.0,ZCD,Loop-based,fast,30,120,4,3,12345,1012345,amplitude_step_v14_fixed_policy_oracle_audit_2026_05_17,2.8799986466765404e-05,22.607138300023507,22.607226399995852
Sweep_AmplitudeStep_2pct,2.0,EKF,Model-based,fast,30,120,4,3,12345,1012345,amplitude_step_v14_fixed_policy_oracle_audit_2026_05_17,2.050003968179226e-05,23.540638100006618,23.54067740001483
Sweep_AmplitudeStep_2pct,2.0,IPDFT,Window-based,fast,30,120,4,3,12345,1012345,amplitude_step_v14_fixed_policy_oracle_audit_2026_05_17,2.5300018023699522e-05,28.180622400017455,28.18066740001086
Sweep_AmplitudeStep_2pct,2.0,LKF,Model-based,fast,30,120,4,3,12345,1012345,amplitude_step_v14_fixed_policy_oracle_audit_2026_05_17,4.050001734867692e-05,23.28798690001713,23.288058699981775
Sweep_AmplitudeStep_2pct,2.0,LKF2,Model-based,fast,30,120,4,3,12345,1012345,amplitude_step_v14_fixed_policy_oracle_audit_2026_05_17,2.0799983758479357e-05,24.22937279997859,24.229412999993656
Sweep_AmplitudeStep_2pct,2.0,PLL,Loop-based,fast,30,120,4,3,12345,1012345,amplitude_step_v14_fixed_policy_oracle_audit_2026_05_17,4.20999713242054e-05,25.849961999978404,25.850040499994066
Sweep_AmplitudeStep_2pct,2.0,RA-EKF,Model-based,fast,30,120,4,3,12345,1012345,amplitude_step_v14_fixed_policy_oracle_audit_2026_05_17,2.239999594166875e-05,28.418608399981167,28.418651600019075
Sweep_AmplitudeStep_2pct,2.0,RLS,Adaptive,fast,30,300,8,3,12345,1012345,amplitude_step_v14_fixed_policy_oracle_audit_2026_05_17,1.8800004909280688e-05,33.6566118999981,33.65665020000597
Sweep_AmplitudeStep_2pct,2.0,SOGI-FLL,Loop-based,fast,30,120,4,3,12345,1012345,amplitude_step_v14_fixed_policy_oracle_audit_2026_05_17,5.560001591220498e-05,24.444152200012468,24.4442529999651
Sweep_AmplitudeStep_2pct,2.0,SOGI-PLL,Loop-based,fast,30,120,4,3,12345,1012345,amplitude_step_v14_fixed_policy_oracle_audit_2026_05_17,2.1799991372972727e-05,25.45675900002243,25.456805100024212
Sweep_AmplitudeStep_2pct,2.0,TFT,Window-based,fast,30,120,4,3,12345,1012345,amplitude_step_v14_fixed_policy_oracle_audit_2026_05_17,2.1799991372972727e-05,36.29734340001596,36.29738349997206
Sweep_AmplitudeStep_2pct,2.0,TKEO,Adaptive,fast,30,120,4,3,12345,1012345,amplitude_step_v14_fixed_policy_oracle_audit_2026_05_17,1.680001150816679e-05,21.748444099968765,21.74847759999102
Sweep_AmplitudeStep_2pct,2.0,Type-3 SOGI-PLL,Loop-based,fast,30,120,4,3,12345,1012345,amplitude_step_v14_fixed_policy_oracle_audit_2026_05_17,2.0300038158893585e-05,20.86698200000683,20.867023900034837
Sweep_AmplitudeStep_2pct,2.0,UKF,Model-based,fast,30,120,4,3,12345,1012345,amplitude_step_v14_fixed_policy_oracle_audit_2026_05_17,4.869996337220073e-05,25.523028300027363,25.523117700009607
Sweep_AmplitudeStep_2pct,2.0,ZCD,Loop-based,fast,30,120,4,3,12345,1012345,amplitude_step_v14_fixed_policy_oracle_audit_2026_05_17,0.0001427999814040959,13.939865699969232,13.940032499958761
Sweep_AmplitudeStep_300pct,300.0,EKF,Model-based,fast,30,120,4,3,12345,1012345,amplitude_step_v14_fixed_policy_oracle_audit_2026_05_17,4.980002995580435e-05,27.916722199996002,27.91680849995464
Sweep_AmplitudeStep_300pct,300.0,IPDFT,Window-based,fast,30,120,4,3,12345,1012345,amplitude_step_v14_fixed_policy_oracle_audit_2026_05_17,2.139998832717538e-05,29.300946999981534,29.300991799973417
Sweep_AmplitudeStep_300pct,300.0,LKF,Model-based,fast,30,120,4,3,12345,1012345,amplitude_step_v14_fixed_policy_oracle_audit_2026_05_17,3.060000017285347e-05,30.192993599979673,30.193052699964028
Sweep_AmplitudeStep_300pct,300.0,LKF2,Model-based,fast,30,120,4,3,12345,1012345,amplitude_step_v14_fixed_policy_oracle_audit_2026_05_17,5.189998773857951e-05,30.955236900015734,30.9553366000182
Sweep_AmplitudeStep_300pct,300.0,PLL,Loop-based,fast,30,120,4,3,12345,1012345,amplitude_step_v14_fixed_policy_oracle_audit_2026_05_17,2.19999928958714e-05,24.35454839997692,24.354591200011782
Sweep_AmplitudeStep_300pct,300.0,RA-EKF,Model-based,fast,30,120,4,3,12345,1012345,amplitude_step_v14_fixed_policy_oracle_audit_2026_05_17,0.003028600011020899,51.43407670001034,51.437524700013455
Sweep_AmplitudeStep_300pct,300.0,RLS,Adaptive,fast,30,300,8,3,12345,1012345,amplitude_step_v14_fixed_policy_oracle_audit_2026_05_17,1.5199999324977398e-05,33.39860320000298,33.39863609999884
Sweep_AmplitudeStep_300pct,300.0,SOGI-FLL,Loop-based,fast,30,120,4,3,12345,1012345,amplitude_step_v14_fixed_policy_oracle_audit_2026_05_17,4.75000124424696e-05,25.81482650001999,25.814920600038022
Sweep_AmplitudeStep_300pct,300.0,SOGI-PLL,Loop-based,fast,30,120,4,3,12345,1012345,amplitude_step_v14_fixed_policy_oracle_audit_2026_05_17,3.759999526664615e-05,24.849823499971535,24.849896500003524
Sweep_AmplitudeStep_300pct,300.0,TFT,Window-based,fast,30,120,4,3,12345,1012345,amplitude_step_v14_fixed_policy_oracle_audit_2026_05_17,1.9599974621087313e-05,39.39591219997965,39.39594999997644
Sweep_AmplitudeStep_300pct,300.0,TKEO,Adaptive,fast,30,120,4,3,12345,1012345,amplitude_step_v14_fixed_policy_oracle_audit_2026_05_17,0.00013070000568404794,25.822800000023562,25.822970899986103
Sweep_AmplitudeStep_300pct,300.0,Type-3 SOGI-PLL,Loop-based,fast,30,120,4,3,12345,1012345,amplitude_step_v14_fixed_policy_oracle_audit_2026_05_17,2.3500004317611456e-05,28.430333599972073,28.430378500022925
Sweep_AmplitudeStep_300pct,300.0,UKF,Model-based,fast,30,120,4,3,12345,1012345,amplitude_step_v14_fixed_policy_oracle_audit_2026_05_17,2.1599989850074053e-05,46.862235600012355,46.862277600041125
Sweep_AmplitudeStep_300pct,300.0,ZCD,Loop-based,fast,30,120,4,3,12345,1012345,amplitude_step_v14_fixed_policy_oracle_audit_2026_05_17,2.829998265951872e-05,12.461115500016604,12.461173599993344
Sweep_AmplitudeStep_350pct,350.0,EKF,Model-based,fast,30,120,4,3,12345,1012345,amplitude_step_v14_fixed_policy_oracle_audit_2026_05_17,2.4699955247342587e-05,29.47187400003895,29.471922800003085
Sweep_AmplitudeStep_350pct,350.0,IPDFT,Window-based,fast,30,120,4,3,12345,1012345,amplitude_step_v14_fixed_policy_oracle_audit_2026_05_17,0.0001873000292107463,32.68580049998127,32.68602040002588
Sweep_AmplitudeStep_350pct,350.0,LKF,Model-based,fast,30,120,4,3,12345,1012345,amplitude_step_v14_fixed_policy_oracle_audit_2026_05_17,5.2799994591623545e-05,31.922895599971525,31.92299589997856
Sweep_AmplitudeStep_350pct,350.0,LKF2,Model-based,fast,30,120,4,3,12345,1012345,amplitude_step_v14_fixed_policy_oracle_audit_2026_05_17,3.660004585981369e-05,29.791456200007815,29.791529199981596
Sweep_AmplitudeStep_350pct,350.0,PLL,Loop-based,fast,30,120,4,3,12345,1012345,amplitude_step_v14_fixed_policy_oracle_audit_2026_05_17,5.1900045946240425e-05,26.318968799954746,26.319044499949086
Sweep_AmplitudeStep_350pct,350.0,RA-EKF,Model-based,fast,30,120,4,3,12345,1012345,amplitude_step_v14_fixed_policy_oracle_audit_2026_05_17,4.4599990360438824e-05,31.896894600009546,31.896972100017592
Sweep_AmplitudeStep_350pct,350.0,RLS,Adaptive,fast,30,300,8,3,12345,1012345,amplitude_step_v14_fixed_policy_oracle_audit_2026_05_17,1.750000228639692e-05,34.6674101000026,34.66744459999609
Sweep_AmplitudeStep_350pct,350.0,SOGI-FLL,Loop-based,fast,30,120,4,3,12345,1012345,amplitude_step_v14_fixed_policy_oracle_audit_2026_05_17,3.190001007169485e-05,27.11546320002526,27.11553940002341
Sweep_AmplitudeStep_350pct,350.0,SOGI-PLL,Loop-based,fast,30,120,4,3,12345,1012345,amplitude_step_v14_fixed_policy_oracle_audit_2026_05_17,2.0499981474131346e-05,24.18298230000073,24.183024499972817
Sweep_AmplitudeStep_350pct,350.0,TFT,Window-based,fast,30,120,4,3,12345,1012345,amplitude_step_v14_fixed_policy_oracle_audit_2026_05_17,6.049999501556158e-05,43.15632780001033,43.15641469997354
Sweep_AmplitudeStep_350pct,350.0,TKEO,Adaptive,fast,30,120,4,3,12345,1012345,amplitude_step_v14_fixed_policy_oracle_audit_2026_05_17,1.8899969290941954e-05,25.754329100018367,25.754366900015157
Sweep_AmplitudeStep_350pct,350.0,Type-3 SOGI-PLL,Loop-based,fast,30,120,4,3,12345,1012345,amplitude_step_v14_fixed_policy_oracle_audit_2026_05_17,3.7699996028095484e-05,26.345250799960922,26.345340300002135
Sweep_AmplitudeStep_350pct,350.0,UKF,Model-based,fast,30,120,4,3,12345,1012345,amplitude_step_v14_fixed_policy_oracle_audit_2026_05_17,1.4399993233382702e-05,28.253051900013816,28.253082200011704
Sweep_AmplitudeStep_350pct,350.0,ZCD,Loop-based,fast,30,120,4,3,12345,1012345,amplitude_step_v14_fixed_policy_oracle_audit_2026_05_17,0.00020539999241009355,12.986214300035499,12.986624800018035
Sweep_AmplitudeStep_35pct,35.0,EKF,Model-based,fast,30,120,4,3,12345,1012345,amplitude_step_v14_fixed_policy_oracle_audit_2026_05_17,1.969997538253665e-05,22.555904300010297,22.555942600010894
Sweep_AmplitudeStep_35pct,35.0,IPDFT,Window-based,fast,30,120,4,3,12345,1012345,amplitude_step_v14_fixed_policy_oracle_audit_2026_05_17,1.7499958630651236e-05,23.313217099988833,23.313252499967348
Sweep_AmplitudeStep_35pct,35.0,LKF,Model-based,fast,30,120,4,3,12345,1012345,amplitude_step_v14_fixed_policy_oracle_audit_2026_05_17,2.110004425048828e-05,25.886541899992153,25.886583099956624
Sweep_AmplitudeStep_35pct,35.0,LKF2,Model-based,fast,30,120,4,3,12345,1012345,amplitude_step_v14_fixed_policy_oracle_audit_2026_05_17,2.4100008886307478e-05,26.524473799974658,26.524521599989384
Sweep_AmplitudeStep_35pct,35.0,PLL,Loop-based,fast,30,120,4,3,12345,1012345,amplitude_step_v14_fixed_policy_oracle_audit_2026_05_17,1.8400023691356182e-05,21.251588899991475,21.251624800032005
Sweep_AmplitudeStep_35pct,35.0,RA-EKF,Model-based,fast,30,120,4,3,12345,1012345,amplitude_step_v14_fixed_policy_oracle_audit_2026_05_17,5.339999916031957e-05,29.158486999978777,29.158578599977773
Sweep_AmplitudeStep_35pct,35.0,RLS,Adaptive,fast,30,300,8,3,12345,1012345,amplitude_step_v14_fixed_policy_oracle_audit_2026_05_17,2.179999864893034e-05,32.85897090000071,32.859014800000296
Sweep_AmplitudeStep_35pct,35.0,SOGI-FLL,Loop-based,fast,30,120,4,3,12345,1012345,amplitude_step_v14_fixed_policy_oracle_audit_2026_05_17,4.079996142536402e-05,22.088862400036305,22.088942800008226
Sweep_AmplitudeStep_35pct,35.0,SOGI-PLL,Loop-based,fast,30,120,4,3,12345,1012345,amplitude_step_v14_fixed_policy_oracle_audit_2026_05_17,2.2300053387880325e-05,22.929550000000745,22.929593799985014
Sweep_AmplitudeStep_35pct,35.0,TFT,Window-based,fast,30,120,4,3,12345,1012345,amplitude_step_v14_fixed_policy_oracle_audit_2026_05_17,1.7599959392100573e-05,31.80579419998685,31.80582999996841
Sweep_AmplitudeStep_35pct,35.0,TKEO,Adaptive,fast,30,120,4,3,12345,1012345,amplitude_step_v14_fixed_policy_oracle_audit_2026_05_17,3.189995186403394e-05,39.52008589997422,39.52014889998827
Sweep_AmplitudeStep_35pct,35.0,Type-3 SOGI-PLL,Loop-based,fast,30,120,4,3,12345,1012345,amplitude_step_v14_fixed_policy_oracle_audit_2026_05_17,1.780001912266016e-05,21.663396399992052,21.663432500034105
Sweep_AmplitudeStep_35pct,35.0,UKF,Model-based,fast,30,120,4,3,12345,1012345,amplitude_step_v14_fixed_policy_oracle_audit_2026_05_17,2.1799991372972727e-05,26.728201300022192,26.728242600045633
Sweep_AmplitudeStep_35pct,35.0,ZCD,Loop-based,fast,30,120,4,3,12345,1012345,amplitude_step_v14_fixed_policy_oracle_audit_2026_05_17,1.479999627918005e-05,11.660555199952796,11.660586999962106
Sweep_AmplitudeStep_3pct,3.0,EKF,Model-based,fast,30,120,4,3,12345,1012345,amplitude_step_v14_fixed_policy_oracle_audit_2026_05_17,1.9300030544400215e-05,20.730345599993598,20.730384399998
Sweep_AmplitudeStep_3pct,3.0,IPDFT,Window-based,fast,30,120,4,3,12345,1012345,amplitude_step_v14_fixed_policy_oracle_audit_2026_05_17,1.7600017599761486e-05,24.074194799992256,24.074229100020602
Sweep_AmplitudeStep_3pct,3.0,LKF,Model-based,fast,30,120,4,3,12345,1012345,amplitude_step_v14_fixed_policy_oracle_audit_2026_05_17,2.500001573935151e-05,27.64258990000235,27.642635600001086
Sweep_AmplitudeStep_3pct,3.0,LKF2,Model-based,fast,30,120,4,3,12345,1012345,amplitude_step_v14_fixed_policy_oracle_audit_2026_05_17,2.759997732937336e-05,24.71614239999326,24.71619790000841
Sweep_AmplitudeStep_3pct,3.0,PLL,Loop-based,fast,30,120,4,3,12345,1012345,amplitude_step_v14_fixed_policy_oracle_audit_2026_05_17,1.839996548369527e-05,25.56994289997965,25.569981199980248
Sweep_AmplitudeStep_3pct,3.0,RA-EKF,Model-based,fast,30,120,4,3,12345,1012345,amplitude_step_v14_fixed_policy_oracle_audit_2026_05_17,2.2199994418770075e-05,26.36834159999853,26.368382000015117
Sweep_AmplitudeStep_3pct,3.0,RLS,Adaptive,fast,30,300,8,3,12345,1012345,amplitude_step_v14_fixed_policy_oracle_audit_2026_05_17,1.550000160932541e-05,34.062232099997345,34.06226419999439
Sweep_AmplitudeStep_3pct,3.0,SOGI-FLL,Loop-based,fast,30,120,4,3,12345,1012345,amplitude_step_v14_fixed_policy_oracle_audit_2026_05_17,2.099998528137803e-05,24.66390990000218,24.663950100017246
Sweep_AmplitudeStep_3pct,3.0,SOGI-PLL,Loop-based,fast,30,120,4,3,12345,1012345,amplitude_step_v14_fixed_policy_oracle_audit_2026_05_17,2.7800037059932947e-05,23.530746800010093,23.53081090003252
Sweep_AmplitudeStep_3pct,3.0,TFT,Window-based,fast,30,120,4,3,12345,1012345,amplitude_step_v14_fixed_policy_oracle_audit_2026_05_17,1.8499966245144606e-05,32.32480529998429,32.32484249997651
Sweep_AmplitudeStep_3pct,3.0,TKEO,Adaptive,fast,30,120,4,3,12345,1012345,amplitude_step_v14_fixed_policy_oracle_audit_2026_05_17,2.540001878514886e-05,19.92716449999716,19.927211600006558
Sweep_AmplitudeStep_3pct,3.0,Type-3 SOGI-PLL,Loop-based,fast,30,120,4,3,12345,1012345,amplitude_step_v14_fixed_policy_oracle_audit_2026_05_17,1.8600025214254856e-05,22.855489400040824,22.855528900050558
Sweep_AmplitudeStep_3pct,3.0,UKF,Model-based,fast,30,120,4,3,12345,1012345,amplitude_step_v14_fixed_policy_oracle_audit_2026_05_17,1.6600009985268116e-05,23.88110769999912,23.88114079996012
Sweep_AmplitudeStep_3pct,3.0,ZCD,Loop-based,fast,30,120,4,3,12345,1012345,amplitude_step_v14_fixed_policy_oracle_audit_2026_05_17,1.5099998563528061e-05,11.219563000020571,11.219611900043674
Sweep_AmplitudeStep_400pct,400.0,EKF,Model-based,fast,30,120,4,3,12345,1012345,amplitude_step_v14_fixed_policy_oracle_audit_2026_05_17,2.9800052288919687e-05,27.30148049996933,27.301534899976104
Sweep_AmplitudeStep_400pct,400.0,IPDFT,Window-based,fast,30,120,4,3,12345,1012345,amplitude_step_v14_fixed_policy_oracle_audit_2026_05_17,2.789997961372137e-05,29.259852299990598,29.259907500003465
Sweep_AmplitudeStep_400pct,400.0,LKF,Model-based,fast,30,120,4,3,12345,1012345,amplitude_step_v14_fixed_policy_oracle_audit_2026_05_17,2.2099993657320738e-05,28.153733499988448,28.153775299957488
Sweep_AmplitudeStep_400pct,400.0,LKF2,Model-based,fast,30,120,4,3,12345,1012345,amplitude_step_v14_fixed_policy_oracle_audit_2026_05_17,2.0200037397444248e-05,31.581064700032584,31.581104399985634
Sweep_AmplitudeStep_400pct,400.0,PLL,Loop-based,fast,30,120,4,3,12345,1012345,amplitude_step_v14_fixed_policy_oracle_audit_2026_05_17,5.770003190264106e-05,21.433300099975895,21.433398700028192
Sweep_AmplitudeStep_400pct,400.0,RA-EKF,Model-based,fast,30,120,4,3,12345,1012345,amplitude_step_v14_fixed_policy_oracle_audit_2026_05_17,2.6800029445439577e-05,38.57226869999431,38.57231550000142
Sweep_AmplitudeStep_400pct,400.0,RLS,Adaptive,fast,30,300,8,3,12345,1012345,amplitude_step_v14_fixed_policy_oracle_audit_2026_05_17,1.7599995771888644e-05,32.77843959999882,32.77847839999595
Sweep_AmplitudeStep_400pct,400.0,SOGI-FLL,Loop-based,fast,30,120,4,3,12345,1012345,amplitude_step_v14_fixed_policy_oracle_audit_2026_05_17,2.789997961372137e-05,22.361475899990182,22.36153369996464
Sweep_AmplitudeStep_400pct,400.0,SOGI-PLL,Loop-based,fast,30,120,4,3,12345,1012345,amplitude_step_v14_fixed_policy_oracle_audit_2026_05_17,2.400000812485814e-05,23.54595679999329,23.546005600015633
Sweep_AmplitudeStep_400pct,400.0,TFT,Window-based,fast,30,120,4,3,12345,1012345,amplitude_step_v14_fixed_policy_oracle_audit_2026_05_17,2.2899999748915434e-05,37.029675900004804,37.02972009999212
Sweep_AmplitudeStep_400pct,400.0,TKEO,Adaptive,fast,30,120,4,3,12345,1012345,amplitude_step_v14_fixed_policy_oracle_audit_2026_05_17,6.469996878877282e-05,24.98352760000853,24.983654299983755
Sweep_AmplitudeStep_400pct,400.0,Type-3 SOGI-PLL,Loop-based,fast,30,120,4,3,12345,1012345,amplitude_step_v14_fixed_policy_oracle_audit_2026_05_17,3.090000245720148e-05,24.136892900045495,24.13695390004432
Sweep_AmplitudeStep_400pct,400.0,UKF,Model-based,fast,30,120,4,3,12345,1012345,amplitude_step_v14_fixed_policy_oracle_audit_2026_05_17,2.1299987565726042e-05,31.129418800002895,31.129458600014914
Sweep_AmplitudeStep_400pct,400.0,ZCD,Loop-based,fast,30,120,4,3,12345,1012345,amplitude_step_v14_fixed_policy_oracle_audit_2026_05_17,2.4800014216452837e-05,13.246910399990156,13.246964399993885
Sweep_AmplitudeStep_500pct,500.0,EKF,Model-based,fast,30,120,4,3,12345,1012345,amplitude_step_v14_fixed_policy_oracle_audit_2026_05_17,2.050003968179226e-05,27.847167200001422,27.84720619994914
Sweep_AmplitudeStep_500pct,500.0,IPDFT,Window-based,fast,30,120,4,3,12345,1012345,amplitude_step_v14_fixed_policy_oracle_audit_2026_05_17,3.509997623041272e-05,33.198446099995635,33.198512899980415
Sweep_AmplitudeStep_500pct,500.0,LKF,Model-based,fast,30,120,4,3,12345,1012345,amplitude_step_v14_fixed_policy_oracle_audit_2026_05_17,4.710000939667225e-05,31.303468200028874,31.3035442000255
Sweep_AmplitudeStep_500pct,500.0,LKF2,Model-based,fast,30,120,4,3,12345,1012345,amplitude_step_v14_fixed_policy_oracle_audit_2026_05_17,3.860000288113952e-05,26.5413415999501,26.541416299995035
Sweep_AmplitudeStep_500pct,500.0,PLL,Loop-based,fast,30,120,4,3,12345,1012345,amplitude_step_v14_fixed_policy_oracle_audit_2026_05_17,0.00022109999554231763,23.124813899979927,23.125070700014476
Sweep_AmplitudeStep_500pct,500.0,RA-EKF,Model-based,fast,30,120,4,3,12345,1012345,amplitude_step_v14_fixed_policy_oracle_audit_2026_05_17,3.220001235604286e-05,32.24317890004022,32.24324149999302
Sweep_AmplitudeStep_500pct,500.0,RLS,Adaptive,fast,30,300,8,3,12345,1012345,amplitude_step_v14_fixed_policy_oracle_audit_2026_05_17,1.7300000763498247e-05,33.60367060000135,33.603706000001694
Sweep_AmplitudeStep_500pct,500.0,SOGI-FLL,Loop-based,fast,30,120,4,3,12345,1012345,amplitude_step_v14_fixed_policy_oracle_audit_2026_05_17,9.609997505322099e-05,27.742101400042884,27.74223560001701
Sweep_AmplitudeStep_500pct,500.0,SOGI-PLL,Loop-based,fast,30,120,4,3,12345,1012345,amplitude_step_v14_fixed_policy_oracle_audit_2026_05_17,7.920002099126577e-05,28.26673999999184,28.267043399973772
Sweep_AmplitudeStep_500pct,500.0,TFT,Window-based,fast,30,120,4,3,12345,1012345,amplitude_step_v14_fixed_policy_oracle_audit_2026_05_17,3.960001049563289e-05,50.091263100039214,50.09134019998601
Sweep_AmplitudeStep_500pct,500.0,TKEO,Adaptive,fast,30,120,4,3,12345,1012345,amplitude_step_v14_fixed_policy_oracle_audit_2026_05_17,1.6600009985268116e-05,26.45399800001178,26.45403379999334
Sweep_AmplitudeStep_500pct,500.0,Type-3 SOGI-PLL,Loop-based,fast,30,120,4,3,12345,1012345,amplitude_step_v14_fixed_policy_oracle_audit_2026_05_17,2.2299995180219412e-05,27.77766809996683,27.777711600007024
Sweep_AmplitudeStep_500pct,500.0,UKF,Model-based,fast,30,120,4,3,12345,1012345,amplitude_step_v14_fixed_policy_oracle_audit_2026_05_17,2.1599989850074053e-05,27.4166878000251,27.416727300034836
Sweep_AmplitudeStep_500pct,500.0,ZCD,Loop-based,fast,30,120,4,3,12345,1012345,amplitude_step_v14_fixed_policy_oracle_audit_2026_05_17,1.729995710775256e-05,13.594638500013389,13.59467759996187
Sweep_AmplitudeStep_50pct,50.0,EKF,Model-based,fast,30,120,4,3,12345,1012345,amplitude_step_v14_fixed_policy_oracle_audit_2026_05_17,3.619998460635543e-05,22.69227860000683,22.692342499969527
Sweep_AmplitudeStep_50pct,50.0,IPDFT,Window-based,fast,30,120,4,3,12345,1012345,amplitude_step_v14_fixed_policy_oracle_audit_2026_05_17,0.00406410003779456,33.414315600006375,33.41844179999316
Sweep_AmplitudeStep_50pct,50.0,LKF,Model-based,fast,30,120,4,3,12345,1012345,amplitude_step_v14_fixed_policy_oracle_audit_2026_05_17,3.969995304942131e-05,25.337214900006074,25.337272899982054
Sweep_AmplitudeStep_50pct,50.0,LKF2,Model-based,fast,30,120,4,3,12345,1012345,amplitude_step_v14_fixed_policy_oracle_audit_2026_05_17,8.220004383474588e-05,24.103435199998785,24.103540599986445
Sweep_AmplitudeStep_50pct,50.0,PLL,Loop-based,fast,30,120,4,3,12345,1012345,amplitude_step_v14_fixed_policy_oracle_audit_2026_05_17,5.719996988773346e-05,21.262369100004435,21.26244909997331
Sweep_AmplitudeStep_50pct,50.0,RA-EKF,Model-based,fast,30,120,4,3,12345,1012345,amplitude_step_v14_fixed_policy_oracle_audit_2026_05_17,1.769996015354991e-05,27.027227999991737,27.02726459997939
Sweep_AmplitudeStep_50pct,50.0,RLS,Adaptive,fast,30,300,8,3,12345,1012345,amplitude_step_v14_fixed_policy_oracle_audit_2026_05_17,2.1200001356191933e-05,33.26382459999877,33.2638633999959
Sweep_AmplitudeStep_50pct,50.0,SOGI-FLL,Loop-based,fast,30,120,4,3,12345,1012345,amplitude_step_v14_fixed_policy_oracle_audit_2026_05_17,0.0001281999866478145,20.95101900002919,20.95117290003691
Sweep_AmplitudeStep_50pct,50.0,SOGI-PLL,Loop-based,fast,30,120,4,3,12345,1012345,amplitude_step_v14_fixed_policy_oracle_audit_2026_05_17,0.00021810003090649843,21.59506620001048,21.595326800015755
Sweep_AmplitudeStep_50pct,50.0,TFT,Window-based,fast,30,120,4,3,12345,1012345,amplitude_step_v14_fixed_policy_oracle_audit_2026_05_17,4.3899985030293465e-05,35.078875300008804,35.07893930003047
Sweep_AmplitudeStep_50pct,50.0,TKEO,Adaptive,fast,30,120,4,3,12345,1012345,amplitude_step_v14_fixed_policy_oracle_audit_2026_05_17,2.3300002794712782e-05,21.265542200009804,21.265589800023008
Sweep_AmplitudeStep_50pct,50.0,Type-3 SOGI-PLL,Loop-based,fast,30,120,4,3,12345,1012345,amplitude_step_v14_fixed_policy_oracle_audit_2026_05_17,5.4500007536262274e-05,23.929193100018892,23.929269700020086
Sweep_AmplitudeStep_50pct,50.0,UKF,Model-based,fast,30,120,4,3,12345,1012345,amplitude_step_v14_fixed_policy_oracle_audit_2026_05_17,0.0001373999984934926,26.578060600033496,26.57821770000737
Sweep_AmplitudeStep_50pct,50.0,ZCD,Loop-based,fast,30,120,4,3,12345,1012345,amplitude_step_v14_fixed_policy_oracle_audit_2026_05_17,0.00014079996617510915,28.000698200019542,28.00089670001762
Sweep_AmplitudeStep_5pct,5.0,EKF,Model-based,fast,30,120,4,3,12345,1012345,amplitude_step_v14_fixed_policy_oracle_audit_2026_05_17,2.4300010409206152e-05,26.201750300009735,26.201797100016847
Sweep_AmplitudeStep_5pct,5.0,IPDFT,Window-based,fast,30,120,4,3,12345,1012345,amplitude_step_v14_fixed_policy_oracle_audit_2026_05_17,2.3600005079060793e-05,25.312614599999506,25.312660000054166
Sweep_AmplitudeStep_5pct,5.0,LKF,Model-based,fast,30,120,4,3,12345,1012345,amplitude_step_v14_fixed_policy_oracle_audit_2026_05_17,5.019997479394078e-05,26.82082540000556,26.820904799969867
Sweep_AmplitudeStep_5pct,5.0,LKF2,Model-based,fast,30,120,4,3,12345,1012345,amplitude_step_v14_fixed_policy_oracle_audit_2026_05_17,3.220001235604286e-05,26.35067050001817,26.350730200007092
Sweep_AmplitudeStep_5pct,5.0,PLL,Loop-based,fast,30,120,4,3,12345,1012345,amplitude_step_v14_fixed_policy_oracle_audit_2026_05_17,2.269999822601676e-05,21.56720629998017,21.567249800020363
Sweep_AmplitudeStep_5pct,5.0,RA-EKF,Model-based,fast,30,120,4,3,12345,1012345,amplitude_step_v14_fixed_policy_oracle_audit_2026_05_17,1.7599959392100573e-05,30.332529000006616,30.332563199975993
Sweep_AmplitudeStep_5pct,5.0,RLS,Adaptive,fast,30,300,8,3,12345,1012345,amplitude_step_v14_fixed_policy_oracle_audit_2026_05_17,2.099999983329326e-05,32.6413601000022,32.64140159999806
Sweep_AmplitudeStep_5pct,5.0,SOGI-FLL,Loop-based,fast,30,120,4,3,12345,1012345,amplitude_step_v14_fixed_policy_oracle_audit_2026_05_17,1.810002140700817e-05,18.96245649998309,18.96249110001372
Sweep_AmplitudeStep_5pct,5.0,SOGI-PLL,Loop-based,fast,30,120,4,3,12345,1012345,amplitude_step_v14_fixed_policy_oracle_audit_2026_05_17,1.9900035113096237e-05,21.294699000020046,21.29473930003587
Sweep_AmplitudeStep_5pct,5.0,TFT,Window-based,fast,30,120,4,3,12345,1012345,amplitude_step_v14_fixed_policy_oracle_audit_2026_05_17,2.4100008886307478e-05,36.30602939997334,36.30607819999568
Sweep_AmplitudeStep_5pct,5.0,TKEO,Adaptive,fast,30,120,4,3,12345,1012345,amplitude_step_v14_fixed_policy_oracle_audit_2026_05_17,1.780001912266016e-05,22.3164729999844,22.31650840002112
Sweep_AmplitudeStep_5pct,5.0,Type-3 SOGI-PLL,Loop-based,fast,30,120,4,3,12345,1012345,amplitude_step_v14_fixed_policy_oracle_audit_2026_05_17,1.810002140700817e-05,22.5241388999857,22.524177100043744
Sweep_AmplitudeStep_5pct,5.0,UKF,Model-based,fast,30,120,4,3,12345,1012345,amplitude_step_v14_fixed_policy_oracle_audit_2026_05_17,1.5099998563528061e-05,24.707576699962374,24.707607999967877
Sweep_AmplitudeStep_5pct,5.0,ZCD,Loop-based,fast,30,120,4,3,12345,1012345,amplitude_step_v14_fixed_policy_oracle_audit_2026_05_17,1.6900012269616127e-05,10.855363100010436,10.85539650003193
Sweep_AmplitudeStep_750pct,750.0,EKF,Model-based,fast,30,120,4,3,12345,1012345,amplitude_step_v14_fixed_policy_oracle_audit_2026_05_17,8.09000339359045e-05,28.30346239998471,28.303575200028718
Sweep_AmplitudeStep_750pct,750.0,IPDFT,Window-based,fast,30,120,4,3,12345,1012345,amplitude_step_v14_fixed_policy_oracle_audit_2026_05_17,2.039998071268201e-05,29.702717299980577,29.702757899998687
Sweep_AmplitudeStep_750pct,750.0,LKF,Model-based,fast,30,120,4,3,12345,1012345,amplitude_step_v14_fixed_policy_oracle_audit_2026_05_17,0.0001221999991685152,47.594268000044394,47.59443239995744
Sweep_AmplitudeStep_750pct,750.0,LKF2,Model-based,fast,30,120,4,3,12345,1012345,amplitude_step_v14_fixed_policy_oracle_audit_2026_05_17,0.001357399974949658,31.318939499964472,31.32050689996686
Sweep_AmplitudeStep_750pct,750.0,PLL,Loop-based,fast,30,120,4,3,12345,1012345,amplitude_step_v14_fixed_policy_oracle_audit_2026_05_17,2.8399983420968056e-05,23.844503100030124,23.844558599987067
Sweep_AmplitudeStep_750pct,750.0,RA-EKF,Model-based,fast,30,120,4,3,12345,1012345,amplitude_step_v14_fixed_policy_oracle_audit_2026_05_17,0.00028629996813833714,38.35887290001847,38.3591855999548
Sweep_AmplitudeStep_750pct,750.0,RLS,Adaptive,fast,30,300,8,3,12345,1012345,amplitude_step_v14_fixed_policy_oracle_audit_2026_05_17,1.9699997210409492e-05,33.939210399999865,33.939248500006215
Sweep_AmplitudeStep_750pct,750.0,SOGI-FLL,Loop-based,fast,30,120,4,3,12345,1012345,amplitude_step_v14_fixed_policy_oracle_audit_2026_05_17,1.699995482340455e-05,23.646323500026483,23.646359400008805
Sweep_AmplitudeStep_750pct,750.0,SOGI-PLL,Loop-based,fast,30,120,4,3,12345,1012345,amplitude_step_v14_fixed_policy_oracle_audit_2026_05_17,2.6399968191981316e-05,27.228618799999822,27.228667999967
Sweep_AmplitudeStep_750pct,750.0,TFT,Window-based,fast,30,120,4,3,12345,1012345,amplitude_step_v14_fixed_policy_oracle_audit_2026_05_17,2.6300025638192892e-05,38.27144909999333,38.271504000003915
Sweep_AmplitudeStep_750pct,750.0,TKEO,Adaptive,fast,30,120,4,3,12345,1012345,amplitude_step_v14_fixed_policy_oracle_audit_2026_05_17,7.959996582940221e-05,25.156449700007215,25.156561999989208
Sweep_AmplitudeStep_750pct,750.0,Type-3 SOGI-PLL,Loop-based,fast,30,120,4,3,12345,1012345,amplitude_step_v14_fixed_policy_oracle_audit_2026_05_17,2.239999594166875e-05,36.75589369999943,36.75593859999208
Sweep_AmplitudeStep_750pct,750.0,UKF,Model-based,fast,30,120,4,3,12345,1012345,amplitude_step_v14_fixed_policy_oracle_audit_2026_05_17,0.00042230001417919993,35.81256489997031,35.813021400012076
Sweep_AmplitudeStep_750pct,750.0,ZCD,Loop-based,fast,30,120,4,3,12345,1012345,amplitude_step_v14_fixed_policy_oracle_audit_2026_05_17,2.340000355616212e-05,14.394419900025241,14.394469199993182
Sweep_AmplitudeStep_75pct,75.0,EKF,Model-based,fast,30,120,4,3,12345,1012345,amplitude_step_v14_fixed_policy_oracle_audit_2026_05_17,3.319996176287532e-05,47.01113280002028,47.01119980000658
Sweep_AmplitudeStep_75pct,75.0,IPDFT,Window-based,fast,30,120,4,3,12345,1012345,amplitude_step_v14_fixed_policy_oracle_audit_2026_05_17,1.899997005239129e-05,31.878497000026982,31.878534699964803
Sweep_AmplitudeStep_75pct,75.0,LKF,Model-based,fast,30,120,4,3,12345,1012345,amplitude_step_v14_fixed_policy_oracle_audit_2026_05_17,2.7799978852272034e-05,32.61383149999892,32.613886400009505
Sweep_AmplitudeStep_75pct,75.0,LKF2,Model-based,fast,30,120,4,3,12345,1012345,amplitude_step_v14_fixed_policy_oracle_audit_2026_05_17,2.4200009647756815e-05,37.05847260000883,37.05852240003878
Sweep_AmplitudeStep_75pct,75.0,PLL,Loop-based,fast,30,120,4,3,12345,1012345,amplitude_step_v14_fixed_policy_oracle_audit_2026_05_17,3.9199949242174625e-05,29.548961799999233,29.549045599997044
Sweep_AmplitudeStep_75pct,75.0,RA-EKF,Model-based,fast,30,120,4,3,12345,1012345,amplitude_step_v14_fixed_policy_oracle_audit_2026_05_17,0.00039569998625665903,38.545607100008056,38.54625409998698
Sweep_AmplitudeStep_75pct,75.0,RLS,Adaptive,fast,30,300,8,3,12345,1012345,amplitude_step_v14_fixed_policy_oracle_audit_2026_05_17,1.790000533219427e-05,33.279533699998865,33.27956940000149
Sweep_AmplitudeStep_75pct,75.0,SOGI-FLL,Loop-based,fast,30,120,4,3,12345,1012345,amplitude_step_v14_fixed_policy_oracle_audit_2026_05_17,2.0899984519928694e-05,25.431207299989183,25.43124850001186
Sweep_AmplitudeStep_75pct,75.0,SOGI-PLL,Loop-based,fast,30,120,4,3,12345,1012345,amplitude_step_v14_fixed_policy_oracle_audit_2026_05_17,3.360002301633358e-05,25.90351350000128,25.903579900041223
Sweep_AmplitudeStep_75pct,75.0,TFT,Window-based,fast,30,120,4,3,12345,1012345,amplitude_step_v14_fixed_policy_oracle_audit_2026_05_17,1.9799976143985987e-05,47.386463800037745,47.38650319998851
Sweep_AmplitudeStep_75pct,75.0,TKEO,Adaptive,fast,30,120,4,3,12345,1012345,amplitude_step_v14_fixed_policy_oracle_audit_2026_05_17,0.00010160001693293452,33.23005120002199,33.2301900999737
Sweep_AmplitudeStep_75pct,75.0,Type-3 SOGI-PLL,Loop-based,fast,30,120,4,3,12345,1012345,amplitude_step_v14_fixed_policy_oracle_audit_2026_05_17,5.390000296756625e-05,29.266067400050815,29.266154999961145
Sweep_AmplitudeStep_75pct,75.0,UKF,Model-based,fast,30,120,4,3,12345,1012345,amplitude_step_v14_fixed_policy_oracle_audit_2026_05_17,0.0008207000209949911,39.010479899996426,39.01134420000017
Sweep_AmplitudeStep_75pct,75.0,ZCD,Loop-based,fast,30,120,4,3,12345,1012345,amplitude_step_v14_fixed_policy_oracle_audit_2026_05_17,1.950003206729889e-05,12.685990000027232,12.686029299977235
Sweep_AmplitudeStep_7p5pct,7.5,EKF,Model-based,fast,30,120,4,3,12345,1012345,amplitude_step_v14_fixed_policy_oracle_audit_2026_05_17,0.0009777999948710203,27.96107329998631,27.96213020000141
Sweep_AmplitudeStep_7p5pct,7.5,IPDFT,Window-based,fast,30,120,4,3,12345,1012345,amplitude_step_v14_fixed_policy_oracle_audit_2026_05_17,1.6000005416572094e-05,24.797457700013183,24.797492400044575
Sweep_AmplitudeStep_7p5pct,7.5,LKF,Model-based,fast,30,120,4,3,12345,1012345,amplitude_step_v14_fixed_policy_oracle_audit_2026_05_17,2.0899984519928694e-05,34.39771320001455,34.39775330002885
Sweep_AmplitudeStep_7p5pct,7.5,LKF2,Model-based,fast,30,120,4,3,12345,1012345,amplitude_step_v14_fixed_policy_oracle_audit_2026_05_17,5.5500015150755644e-05,43.25636100000702,43.25645629997598
Sweep_AmplitudeStep_7p5pct,7.5,PLL,Loop-based,fast,30,120,4,3,12345,1012345,amplitude_step_v14_fixed_policy_oracle_audit_2026_05_17,2.1400046534836292e-05,22.571382499998435,22.571425900037866
Sweep_AmplitudeStep_7p5pct,7.5,RA-EKF,Model-based,fast,30,120,4,3,12345,1012345,amplitude_step_v14_fixed_policy_oracle_audit_2026_05_17,0.00014259997988119721,33.30001479998464,33.30018799996469
Sweep_AmplitudeStep_7p5pct,7.5,RLS,Adaptive,fast,30,300,8,3,12345,1012345,amplitude_step_v14_fixed_policy_oracle_audit_2026_05_17,1.4999997802078724e-05,31.904766699997708,31.904798400006257
Sweep_AmplitudeStep_7p5pct,7.5,SOGI-FLL,Loop-based,fast,30,120,4,3,12345,1012345,amplitude_step_v14_fixed_policy_oracle_audit_2026_05_17,1.810002140700817e-05,21.629205400007777,21.62924399995245
Sweep_AmplitudeStep_7p5pct,7.5,SOGI-PLL,Loop-based,fast,30,120,4,3,12345,1012345,amplitude_step_v14_fixed_policy_oracle_audit_2026_05_17,2.139998832717538e-05,21.241672299976926,21.241715600015596
Sweep_AmplitudeStep_7p5pct,7.5,TFT,Window-based,fast,30,120,4,3,12345,1012345,amplitude_step_v14_fixed_policy_oracle_audit_2026_05_17,1.8799968529492617e-05,33.764745499996934,33.7647817999823
Sweep_AmplitudeStep_7p5pct,7.5,TKEO,Adaptive,fast,30,120,4,3,12345,1012345,amplitude_step_v14_fixed_policy_oracle_audit_2026_05_17,5.6699966080486774e-05,23.130984199990053,23.131062100001145
Sweep_AmplitudeStep_7p5pct,7.5,Type-3 SOGI-PLL,Loop-based,fast,30,120,4,3,12345,1012345,amplitude_step_v14_fixed_policy_oracle_audit_2026_05_17,2.789997961372137e-05,23.32058550004149,23.32064150000224
Sweep_AmplitudeStep_7p5pct,7.5,UKF,Model-based,fast,30,120,4,3,12345,1012345,amplitude_step_v14_fixed_policy_oracle_audit_2026_05_17,7.22000258974731e-05,30.474379500024952,30.474472300033085
Sweep_AmplitudeStep_7p5pct,7.5,ZCD,Loop-based,fast,30,120,4,3,12345,1012345,amplitude_step_v14_fixed_policy_oracle_audit_2026_05_17,2.239999594166875e-05,11.3678813999868,11.367926899984013
